Name,Brand,Rating,RAM,ROM,Battery,Camera,Price
"APPLE iPhone 14 (Blue, 128 GB)",APPLE,4.6,0,128,5000.0,36.0,60999.0
"APPLE iPhone 14 (Midnight, 128 GB)",APPLE,4.6,0,128,5000.0,36.0,61999.0
"APPLE iPhone 14 (Starlight, 128 GB)",APPLE,4.6,0,128,5000.0,36.0,61999.0
"SAMSUNG Galaxy F14 5G (OMG Black, 128 GB)",SAMSUNG,4.2,6,128,6000.0,65.0,12490.0
"SAMSUNG Galaxy F14 5G (GOAT Green, 128 GB)",SAMSUNG,4.2,6,128,6000.0,65.0,12490.0
"APPLE iPhone 14 (Purple, 128 GB)",APPLE,4.6,0,128,5000.0,36.0,61999.0
"POCO C51 (Royal Blue, 64 GB)",POCO,4.0,4,64,5000.0,13.0,5999.0
"OnePlus Nord CE 2 Lite 5G (Blue Tide, 128 GB)",OnePlus,4.4,6,128,5000.0,80.0,17115.0
"MOTOROLA g54 5G (Mint Green, 128 GB)",MOTOROLA,4.2,8,128,6000.0,74.0,13999.0
"vivo T2x 5G (Aurora Gold, 128 GB)",vivo,4.3,8,128,5000.0,60.0,14999.0
"POCO C55 (Forest Green, 64 GB)",POCO,4.2,4,64,5000.0,55.0,7499.0
"POCO C55 (Cool Blue, 128 GB)",POCO,4.2,6,128,5000.0,55.0,8499.0
"vivo T2x 5G (Aurora Gold, 128 GB)",vivo,4.4,6,128,5000.0,60.0,12999.0
"vivo T2x 5G (Glimmer Black, 128 GB)",vivo,4.4,6,128,5000.0,60.0,12999.0
"vivo T2x 5G (Marine Blue, 128 GB)",vivo,4.4,6,128,5000.0,60.0,12999.0
"vivo T2x 5G (Glimmer Black, 128 GB)",vivo,4.4,4,128,5000.0,60.0,11999.0
"vivo T2x 5G (Marine Blue, 128 GB)",vivo,4.4,4,128,5000.0,60.0,11999.0
"APPLE iPhone 14 Plus (Starlight, 128 GB)",APPLE,4.6,0,128,5000.0,36.0,68990.0
"vivo T2x 5G (Glimmer Black, 128 GB)",vivo,4.3,8,128,5000.0,60.0,14999.0
"vivo T2x 5G (Aurora Gold, 128 GB)",vivo,4.4,4,128,5000.0,60.0,11999.0
"vivo T2x 5G (Marine Blue, 128 GB)",vivo,4.3,8,128,5000.0,60.0,14999.0
"MOTOROLA g54 5G (Midnight Blue, 128 GB)",MOTOROLA,4.2,8,128,6000.0,74.0,13999.0
"SAMSUNG Galaxy F14 5G (B.A.E. Purple, 128 GB)",SAMSUNG,4.2,6,128,6000.0,65.0,12490.0
"APPLE iPhone 14 Plus (Midnight, 128 GB)",APPLE,4.6,0,128,5000.0,36.0,69990.0
"vivo T2x 5G (Aurora Gold, 128 GB)",vivo,4.4,4,128,5000.0,60.0,11999.0
"vivo T2x 5G (Marine Blue, 128 GB)",vivo,4.4,4,128,5000.0,60.0,11999.0
"vivo T2x 5G (Glimmer Black, 128 GB)",vivo,4.3,8,128,5000.0,60.0,14999.0
"MOTOROLA Edge 40 Neo (Black Beauty, 256 GB)",MOTOROLA,4.3,12,256,5000.0,95.0,24999.0
"vivo T2x 5G (Marine Blue, 128 GB)",vivo,4.4,6,128,5000.0,60.0,12999.0
"vivo T2x 5G (Glimmer Black, 128 GB)",vivo,4.4,4,128,5000.0,60.0,11999.0
"vivo T2x 5G (Marine Blue, 128 GB)",vivo,4.3,8,128,5000.0,60.0,14999.0
"vivo T2 Pro 5G (Dune Gold, 128 GB)",vivo,4.5,8,128,4600.0,82.0,23999.0
"vivo T2 Pro 5G (New Moon Black, 256 GB)",vivo,4.5,8,256,4600.0,82.0,24999.0
"REDMI 12 (Pastel Blue, 128 GB)",REDMI,4.2,6,128,5000.0,68.0,10999.0
"MOTOROLA e13 (Aurora Green, 64 GB)",MOTOROLA,4.1,4,64,5000.0,18.0,6499.0
"MOTOROLA Edge 40 Neo (Soothing Sea, 256 GB)",MOTOROLA,4.3,12,256,5000.0,95.0,24999.0
"POCO M6 Pro 5G (Forest Green, 128 GB)",POCO,4.3,6,128,5000.0,60.0,11999.0
"vivo T2 Pro 5G (Dune Gold, 256 GB)",vivo,4.5,8,256,4600.0,82.0,24999.0
"POCO C51 - Locked with Airtel Prepaid (Royal Blue, 64 GB)",POCO,4.0,4,64,5000.0,13.0,5499.0
"vivo T2 Pro 5G (New Moon Black, 128 GB)",vivo,4.5,8,128,4600.0,82.0,23999.0
"POCO C55 (Power Black, 128 GB)",POCO,4.2,6,128,5000.0,55.0,8499.0
"POCO C55 (Forest Green, 128 GB)",POCO,4.2,6,128,5000.0,55.0,8499.0
"realme C51 (Mint Green, 64 GB)",realme,4.3,4,64,5000.0,55.08,8999.0
"POCO C55 (Cool Blue, 64 GB)",POCO,4.2,4,64,5000.0,55.0,7499.0
"MOTOROLA g14 (Sky Blue, 128 GB)",MOTOROLA,4.1,4,128,5000.0,60.0,8499.0
"SAMSUNG Galaxy F34 5G (Mystic Green, 128 GB)",SAMSUNG,4.2,6,128,6000.0,73.0,16499.0
"MOTOROLA G32 (Mineral Gray, 128 GB)",MOTOROLA,4.1,8,128,5000.0,76.0,9999.0
"SAMSUNG Galaxy F34 5G (Orchid Violet, 128 GB)",SAMSUNG,4.2,6,128,6000.0,73.0,16499.0
"Infinix HOT 30i (Marigold, 64 GB)",Infinix,4.2,4,64,5000.0,55.0,7499.0
"Infinix HOT 30i (Diamond White, 128 GB)",Infinix,4.3,8,128,5000.0,55.0,8299.0
"Infinix HOT 30i (Glacier Blue, 128 GB)",Infinix,4.3,8,128,5000.0,55.0,8299.0
"POCO X5 5G (Supernova Green, 256 GB)",POCO,4.2,8,256,5000.0,71.0,14999.0
"Google Pixel 7 (Snow, 128 GB)",Google,4.3,8,128,4270.0,72.8,39999.0
"Google Pixel 7 (Lemongrass, 128 GB)",Google,4.3,8,128,4270.0,72.8,39999.0
"POCO X5 Pro 5G (Horizon Blue, 128 GB)",POCO,4.3,6,128,5000.0,134.0,17999.0
"Infinix HOT 30i (Diamond White, 64 GB)",Infinix,4.2,4,64,5000.0,55.0,7499.0
"MOTOROLA Edge 40 Neo (Caneel Bay, 256 GB)",MOTOROLA,4.3,12,256,5000.0,95.0,24999.0
"Infinix HOT 30i (Mirror Black, 64 GB)",Infinix,4.2,4,64,5000.0,55.0,7499.0
"SAMSUNG Galaxy F14 5G (OMG Black, 128 GB)",SAMSUNG,4.2,4,128,6000.0,65.0,11490.0
"POCO M6 Pro 5G (Forest Green, 128 GB)",POCO,4.3,6,128,5000.0,60.0,11999.0
"SAMSUNG Galaxy S22 5G (Phantom Black, 128 GB)",SAMSUNG,4.4,8,128,3700.0,82.0,37999.0
"SAMSUNG Galaxy S22 5G (Phantom White, 128 GB)",SAMSUNG,4.4,8,128,3700.0,82.0,37999.0
"Infinix HOT 30i (Mirror Black, 128 GB)",Infinix,4.3,8,128,5000.0,55.0,8299.0
"OnePlus Nord CE 3 Lite 5G (Pastel Lime, 256 GB)",OnePlus,4.4,8,256,5000.0,108.0,21475.0
"OnePlus Nord CE 3 Lite 5G (Pastel Lime, 128 GB)",OnePlus,4.4,8,128,5000.0,108.0,19360.0
"OnePlus Nord CE 3 Lite 5G (Chromatic Gray, 128 GB)",OnePlus,4.4,8,128,5000.0,108.0,19428.0
SAMSUNG Guru Music 2,SAMSUNG,4.3,0,0,5000.0,800.0,2870.0
"Google Pixel 7 (Obsidian, 128 GB)",Google,4.3,8,128,4270.0,72.8,39999.0
"SAMSUNG Galaxy F13 (Waterfall Blue, 64 GB)",SAMSUNG,4.3,4,64,6000.0,65.0,8199.0
"APPLE iPhone 14 (Blue, 256 GB)",APPLE,4.6,0,256,5000.0,36.0,71999.0
"POCO X5 Pro 5G (Astral Black, 128 GB)",POCO,4.3,6,128,5000.0,134.0,17999.0
"APPLE iPhone 14 (Midnight, 256 GB)",APPLE,4.6,0,256,5000.0,36.0,71999.0
"SAMSUNG Galaxy F04 (Opal Green, 64 GB)",SAMSUNG,4.2,4,64,5000.0,20.0,6799.0
"MOTOROLA e13 (Cosmic Black, 64 GB)",MOTOROLA,4.1,4,64,5000.0,18.0,6499.0
"POCO X5 5G (Jaguar Black, 256 GB)",POCO,4.2,8,256,5000.0,71.0,20999.0
"REDMI Note 12 Pro 5G (Glacier Blue, 128 GB)",REDMI,4.2,6,128,5000.0,76.0,21999.0
"SAMSUNG Galaxy S21 FE 5G (Graphite, 128 GB)",SAMSUNG,4.3,8,128,4500.0,64.0,31999.0
"MOTOROLA g54 5G (Pearl Blue, 128 GB)",MOTOROLA,4.2,8,128,6000.0,74.0,13999.0
"MOTOROLA g14 (Sky Blue, 128 GB)",MOTOROLA,4.1,4,128,5000.0,60.0,8499.0
"OnePlus Nord CE 3 Lite 5G (Chromatic Gray, 256 GB)",OnePlus,4.4,8,256,5000.0,108.0,21890.0
"realme C51 (Mint Green, 64 GB)",realme,4.3,4,64,5000.0,55.08,8999.0
"vivo T2 Pro 5G (Dune Gold, 128 GB)",vivo,4.5,8,128,4600.0,82.0,23999.0
"realme C53 (Champion Black, 128 GB)",realme,4.4,6,128,5000.0,118.0,10999.0
"vivo T2 Pro 5G (New Moon Black, 256 GB)",vivo,4.5,8,256,4600.0,82.0,24999.0
"vivo T2 Pro 5G (Dune Gold, 256 GB)",vivo,4.5,8,256,4600.0,82.0,24999.0
"MOTOROLA Edge 40 Neo (Black Beauty, 256 GB)",MOTOROLA,4.3,12,256,5000.0,95.0,24999.0
"realme C51 (Carbon Black, 64 GB)",realme,4.3,4,64,5000.0,55.08,8999.0
"APPLE iPhone 14 Plus (Blue, 128 GB)",APPLE,4.6,0,128,5000.0,36.0,69990.0
"REDMI 12 (Pastel Blue, 128 GB)",REDMI,4.3,4,128,5000.0,68.0,9499.0
"POCO C55 (Power Black, 64 GB)",POCO,4.2,4,64,5000.0,55.0,7499.0
"realme C53 (Champion Gold, 128 GB)",realme,4.4,6,128,5000.0,118.0,10999.0
"SAMSUNG Galaxy S22 5G (Green, 128 GB)",SAMSUNG,4.4,8,128,3700.0,82.0,37999.0
"Infinix SMART 7 (Emerald Green, 64 GB)",Infinix,4.3,4,64,6000.0,18.0,6999.0
"Infinix SMART 7 (Azure Blue, 128 GB)",Infinix,4.3,4,128,6000.0,18.0,7299.0
"Infinix SMART 7 (Night Black, 64 GB)",Infinix,4.3,4,64,6000.0,18.0,6999.0
"Infinix SMART 7 (Azure Blue, 64 GB)",Infinix,4.3,4,64,6000.0,18.0,6999.0
"vivo T2 Pro 5G (New Moon Black, 128 GB)",vivo,4.5,8,128,4600.0,82.0,23999.0
SAMSUNG GURU MUSIC 2,SAMSUNG,4.0,0,0,5000.0,0.0,1899.0
"SAMSUNG Galaxy F34 5G (Orchid Violet, 128 GB)",SAMSUNG,4.2,6,128,6000.0,73.0,16499.0
"POCO M6 Pro 5G (Forest Green, 128 GB)",POCO,4.3,4,128,5000.0,60.0,10999.0
"realme C53 (Champion Black, 128 GB)",realme,4.1,4,128,5000.0,118.0,9999.0
"realme 11 Pro+ 5G (Sunrise Beige, 256 GB)",realme,4.3,8,256,5000.0,242.0,25999.0
"realme C53 (Champion Gold, 64 GB)",realme,4.4,6,64,5000.0,118.0,9999.0
"realme C53 (Champion Black, 64 GB)",realme,4.4,6,64,5000.0,118.0,9999.0
"Google Pixel 7a (Charcoal, 128 GB)",Google,4.1,8,128,4300.0,90.0,39999.0
"realme 11 Pro+ 5G (Oasis Green, 256 GB)",realme,4.3,8,256,5000.0,242.0,25999.0
"MOTOROLA Edge 40 (Nebula Green, 256 GB)",MOTOROLA,4.2,8,256,4400.0,95.0,26499.0
"realme C53 (Champion Gold, 128 GB)",realme,4.1,4,128,5000.0,118.0,9999.0
"SAMSUNG Galaxy F34 5G (Electric Black, 128 GB)",SAMSUNG,4.2,6,128,6000.0,73.0,16499.0
"SAMSUNG Galaxy F34 5G (Mystic Green, 128 GB)",SAMSUNG,4.2,6,128,6000.0,73.0,16499.0
"realme 11 Pro+ 5G (Astral Black, 256 GB)",realme,4.3,8,256,5000.0,242.0,25999.0
"MOTOROLA g14 (Pale Lilac, 128 GB)",MOTOROLA,4.1,4,128,5000.0,60.0,8499.0
"Infinix Note 30 5G (Sunset Gold, 128 GB)",Infinix,4.1,4,128,5000.0,126.0,14499.0
"SAMSUNG Galaxy F13 (Nightsky Green, 64 GB)",SAMSUNG,4.3,4,64,6000.0,65.0,8199.0
"SAMSUNG Galaxy F04 (Jade Purple, 64 GB)",SAMSUNG,4.2,4,64,5000.0,20.0,6799.0
"OPPO Reno10 5G (Ice Blue, 256 GB)",OPPO,4.2,8,256,5000.0,136.0,32999.0
"POCO M6 Pro 5G (Power Black, 128 GB)",POCO,4.3,4,128,5000.0,60.0,10999.0
"REDMI A2 (Sea Green, 64 GB)",REDMI,4.1,2,64,5000.0,13.0,5798.0
"POCO X5 5G (Wildcat Blue, 256 GB)",POCO,4.2,8,256,5000.0,71.0,20999.0
"MOTOROLA g14 (Butter Cream, 128 GB)",MOTOROLA,4.1,4,128,5000.0,60.0,8499.0
"MOTOROLA Edge 40 (Nebula Green, 256 GB)",MOTOROLA,4.2,8,256,4400.0,95.0,26499.0
"Infinix SMART 7 (Emerald Green, 64 GB)",Infinix,4.3,4,64,6000.0,18.0,6999.0
"SAMSUNG Galaxy F54 5G (Stardust Silver, 256 GB)",SAMSUNG,4.2,8,256,6000.0,150.0,24999.0
"Infinix Note 30 5G (Magic Black, 256 GB)",Infinix,4.2,8,256,5000.0,126.0,14999.0
"MOTOROLA e13 (Little Boy Blue, 128 GB)",MOTOROLA,4.1,8,128,5000.0,18.0,7499.0
"OnePlus Nord CE 3 Lite 5G (Chromatic Gray, 256 GB)",OnePlus,4.4,8,256,5000.0,108.0,21890.0
"Google Pixel 7a (Charcoal, 128 GB)",Google,4.1,8,128,4300.0,90.0,39999.0
"Infinix Note 30 5G (Magic Black, 128 GB)",Infinix,4.1,4,128,5000.0,126.0,14499.0
"Infinix SMART 7 (Azure Blue, 128 GB)",Infinix,4.3,4,128,6000.0,18.0,7299.0
"Infinix HOT 30 5G (Miami Orange, 128 GB)",Infinix,4.2,8,128,6000.0,58.0,12999.0
"Infinix HOT 30 5G (Miami Orange, 128 GB)",Infinix,4.2,4,128,6000.0,58.0,11499.0
"Infinix SMART 7 (Azure Blue, 64 GB)",Infinix,4.3,4,64,6000.0,18.0,6999.0
"APPLE iPhone 14 (Blue, 256 GB)",APPLE,4.6,0,256,5000.0,36.0,71999.0
"REDMI 12 (Pastel Blue, 128 GB)",REDMI,4.3,4,128,5000.0,68.0,9499.0
"Infinix Note 30 5G (Interstellar Blue, 256 GB)",Infinix,4.2,8,256,5000.0,126.0,14999.0
"SAMSUNG Galaxy S22 5G (Green, 128 GB)",SAMSUNG,4.4,8,128,3700.0,82.0,37999.0
"realme C53 (Champion Black, 128 GB)",realme,4.4,6,128,5000.0,118.0,10999.0
"OnePlus Nord CE 3 Lite 5G (Pastel Lime, 256 GB)",OnePlus,4.4,8,256,5000.0,108.0,21475.0
SAMSUNG GURU MUSIC 2,SAMSUNG,4.0,0,0,5000.0,0.0,1899.0
"REDMI 12 5G (Pastel Blue, 128 GB)",REDMI,4.3,6,128,5000.0,50.0,13442.0
"realme C53 (Champion Gold, 128 GB)",realme,4.4,6,128,5000.0,118.0,10999.0
"Infinix Note 30 5G (Sunset Gold, 256 GB)",Infinix,4.2,8,256,5000.0,126.0,14999.0
"REDMI 12 5G (Moonstone Silver, 128 GB)",REDMI,4.3,6,128,5000.0,50.0,13588.0
"POCO X5 5G (Wildcat Blue, 256 GB)",POCO,4.2,8,256,5000.0,71.0,20999.0
"REDMI A2 (Aqua Blue, 64 GB)",REDMI,4.2,4,64,5000.0,13.0,6386.0
"POCO M6 Pro 5G (Forest Green, 256 GB)",POCO,4.4,8,256,5000.0,60.0,13999.0
"Infinix HOT 30 5G (Knight Black, 128 GB)",Infinix,4.2,4,128,6000.0,58.0,11499.0
"REDMI 12 5G (Jade Black, 128 GB)",REDMI,4.3,4,128,5000.0,50.0,12664.0
"REDMI 12 5G (Jade Black, 128 GB)",REDMI,4.3,6,128,5000.0,50.0,13847.0
"realme 11 Pro+ 5G (Oasis Green, 256 GB)",realme,4.3,8,256,5000.0,242.0,25999.0
"realme 11 Pro+ 5G (Sunrise Beige, 256 GB)",realme,4.3,8,256,5000.0,242.0,25999.0
"REDMI A2 (Classic Black, 64 GB)",REDMI,4.2,4,64,5000.0,13.0,6599.0
"SAMSUNG Galaxy S23 Ultra 5G (Green, 256 GB)",SAMSUNG,4.6,12,256,5000.0,244.0,124999.0
"REDMI A2 (Sea Green, 64 GB)",REDMI,4.2,4,64,5000.0,13.0,6670.0
"Infinix Note 30 5G (Sunset Gold, 128 GB)",Infinix,4.1,4,128,5000.0,126.0,14499.0
"SAMSUNG Galaxy F04 (Jade Purple, 64 GB)",SAMSUNG,4.2,4,64,5000.0,20.0,6799.0
"realme 11 Pro 5G (Astral Black, 256 GB)",realme,4.3,12,256,5000.0,118.0,27999.0
"Nothing Phone (2) (White, 128 GB)",Nothing,4.4,8,128,4700.0,132.0,39999.0
"Infinix HOT 30 5G (Aurora Blue, 128 GB)",Infinix,4.2,8,128,6000.0,58.0,12999.0
"Google Pixel 7a (Coral, 128 GB)",Google,4.1,8,128,4300.0,90.0,39999.0
"Google Pixel 7a (Snow, 128 GB)",Google,4.1,8,128,4300.0,90.0,39999.0
"Google Pixel 7a (Sea, 128 GB)",Google,4.1,8,128,4300.0,90.0,39999.0
"Google Pixel 8 (Hazel, 256 GB)",Google,4.3,8,256,4575.0,72.5,82999.0
"Google Pixel 8 (Obsidian, 128 GB)",Google,4.3,8,128,4575.0,72.5,75999.0
"POCO C51 (Power Black, 128 GB)",POCO,4.1,6,128,5000.0,13.0,6999.0
"Google Pixel 8 (Rose, 128 GB)",Google,4.3,8,128,4575.0,72.5,75999.0
"Google Pixel 8 (Hazel, 128 GB)",Google,4.3,8,128,4575.0,72.5,75999.0
"OPPO Reno10 5G (Ice Blue, 256 GB)",OPPO,4.2,8,256,5000.0,136.0,32999.0
"realme 11 Pro+ 5G (Oasis Green, 256 GB)",realme,4.3,12,256,5000.0,242.0,29999.0
"MOTOROLA Edge 40 (Viva Magenta, 256 GB)",MOTOROLA,4.2,8,256,4400.0,95.0,26499.0
"SAMSUNG Galaxy F13 (Nightsky Green, 64 GB)",SAMSUNG,4.3,4,64,6000.0,65.0,8199.0
"OPPO Reno10 5G (Silvery Grey, 256 GB)",OPPO,4.2,8,256,5000.0,136.0,32999.0
"OnePlus Nord CE 3 Lite 5G (Pastel Lime, 128 GB)",OnePlus,4.4,8,128,5000.0,108.0,19847.0
"Samsung Galaxy S21 FE 5G with Snapdragon 888 (Navy, 128 GB)",Samsung,4.3,8,128,4500.0,64.0,32999.0
"SAMSUNG Galaxy F34 5G (Mystic Green, 128 GB)",SAMSUNG,4.2,8,128,6000.0,73.0,18499.0
"Infinix HOT 30 5G (Knight Black, 128 GB)",Infinix,4.2,8,128,6000.0,58.0,12999.0
"realme 11 Pro+ 5G (Sunrise Beige, 256 GB)",realme,4.3,12,256,5000.0,242.0,29999.0
"realme 11 Pro+ 5G (Astral Black, 256 GB)",realme,4.3,12,256,5000.0,242.0,29999.0
"Samsung Galaxy S21 FE 5G with Snapdragon 888 (Navy, 256 GB)",Samsung,4.3,8,256,4500.0,64.0,41999.0
"REDMI A2 (Sea Green, 64 GB)",REDMI,4.1,2,64,5000.0,13.0,5798.0
"Samsung Galaxy S21 FE 5G with Snapdragon 888 (Olive, 128 GB)",Samsung,4.3,8,128,4500.0,64.0,32999.0
"Infinix HOT 30 5G (Aurora Blue, 128 GB)",Infinix,4.2,4,128,6000.0,58.0,11499.0
"realme 11 Pro+ 5G (Astral Black, 256 GB)",realme,4.3,8,256,5000.0,242.0,25999.0
"realme 11 Pro 5G (Sunrise Beige, 256 GB)",realme,4.3,12,256,5000.0,118.0,27999.0
"SAMSUNG Galaxy M14 5G (Icy Silver, 128 GB)",SAMSUNG,4.2,6,128,6000.0,50.0,13290.0
"APPLE iPhone 15 (Blue, 128 GB)",APPLE,4.6,0,128,5000.0,72.0,77900.0
"REDMI 12 5G (Moonstone Silver, 256 GB)",REDMI,4.2,8,256,5000.0,50.0,15669.0
"REDMI 12 5G (Pastel Blue, 256 GB)",REDMI,4.2,8,256,5000.0,50.0,15610.0
"POCO M5 (Icy Blue, 128 GB)",POCO,4.2,6,128,5000.0,62.0,8999.0
"REDMI A2 (Classic Black, 32 GB)",REDMI,4.1,2,32,5000.0,13.0,6690.0
"POCO X5 5G (Supernova Green, 128 GB)",POCO,4.2,6,128,5000.0,71.0,13999.0
"realme 11 Pro 5G (Astral Black, 256 GB)",realme,4.4,8,256,5000.0,118.0,24999.0
"Infinix Smart 7 HD (Green Apple, 64 GB)",Infinix,4.3,2,64,5000.0,13.0,5999.0
"Infinix Smart 7 HD (Jade White, 64 GB)",Infinix,4.3,2,64,5000.0,13.0,5999.0
"realme 11x 5G (Midnight Black, 128 GB)",realme,4.3,8,128,5000.0,74.0,15999.0
"REDMI 12 5G (Jade Black, 128 GB)",REDMI,4.3,6,128,5000.0,50.0,13850.0
"realme 11 Pro 5G (Astral Black, 256 GB)",realme,4.3,12,256,5000.0,118.0,27999.0
"SAMSUNG Galaxy S23 Ultra 5G (Phantom Black, 256 GB)",SAMSUNG,4.6,12,256,5000.0,244.0,124999.0
"REDMI Note 12 (Ice Blue, 64 GB)",REDMI,4.1,6,64,5000.0,73.0,11999.0
"POCO M5 (Power Black, 128 GB)",POCO,4.2,6,128,5000.0,62.0,8999.0
"MOTOROLA g54 5G (Mint Green, 256 GB)",MOTOROLA,4.2,12,256,6000.0,74.0,15999.0
"APPLE iPhone 12 (Blue, 64 GB)",APPLE,4.6,0,64,5000.0,36.0,42999.0
"Infinix HOT 30 5G (Knight Black, 128 GB)",Infinix,4.2,4,128,6000.0,58.0,11499.0
"realme 11 5G (Glory Gold, 256 GB)",realme,4.3,8,256,5000.0,126.0,18999.0
itel Magic X Pro 4G| 2500mAh Big Battery| Expandable Storage upto 64GB,itel,3.9,0,0,2500.0,0.3,1815.0
"MOTOROLA Edge 40 (Viva Magenta, 256 GB)",MOTOROLA,4.2,8,256,4400.0,95.0,26499.0
"OnePlus Nord CE 3 Lite 5G (Pastel lime, 256 GB)",OnePlus,4.4,8,256,5000.0,108.0,21930.0
"SAMSUNG Galaxy F13 (Waterfall Blue, 128 GB)",SAMSUNG,4.3,4,128,6000.0,65.0,9199.0
"POCO X5 Pro 5G (Yellow, 128 GB)",POCO,4.3,6,128,5000.0,134.0,17999.0
itel Magic X Pro 4G| 2500mAh Big Battery| Expandable Storage upto 64GB,itel,3.9,0,0,2500.0,0.3,1764.0
"Nothing Phone (2) (White, 128 GB)",Nothing,4.4,8,128,4700.0,132.0,39999.0
"MOTOROLA Edge 40 (Eclipse Black, 256 GB)",MOTOROLA,4.2,8,256,4400.0,95.0,26499.0
"SAMSUNG Galaxy F54 5G (Stardust Silver, 256 GB)",SAMSUNG,4.2,8,256,6000.0,150.0,24999.0
"REDMI A2 (Sea Green, 64 GB)",REDMI,4.2,4,64,5000.0,13.0,6830.0
"REDMI 12 (Moonstone Silver, 128 GB)",REDMI,4.3,4,128,5000.0,68.0,9499.0
"SAMSUNG Galaxy S21 FE 5G (Olive Green, 128 GB)",SAMSUNG,4.3,8,128,4500.0,64.0,31999.0
"SAMSUNG Galaxy S21 FE 5G (Olive Green, 128 GB)",SAMSUNG,4.3,8,128,4500.0,64.0,31999.0
"REDMI Note 12 5G (Sunrise Gold, 128 GB)",REDMI,4.2,6,128,5000.0,71.0,16999.0
Micromax J22,Micromax,3.9,0,0,5000.0,1000.0,1117.0
"Google Pixel 7 Pro (Hazel, 128 GB)",Google,4.3,12,128,4926.0,120.8,60999.0
Jio B1 Keypad Phone (UPI) Locked Blue,Jio,3.5,0,0,2000.0,0.3,1499.0
"REDMI Note 12 5G (Frosted Green, 128 GB)",REDMI,3.9,4,128,5000.0,71.0,15499.0
"Infinix HOT 30 5G (Aurora Blue, 128 GB)",Infinix,4.2,8,128,6000.0,58.0,12999.0
"OPPO Reno10 5G (Silvery Grey, 256 GB)",OPPO,4.2,8,256,5000.0,136.0,32999.0
"POCO C51 - Locked with Airtel Prepaid (Power Black, 64 GB)",POCO,4.0,4,64,5000.0,13.0,5499.0
"REDMI A2 (Classic Black, 64 GB)",REDMI,4.2,4,64,5000.0,8.0,6749.0
"OnePlus Nord CE3 5G (Aqua Surge, 256 GB)",OnePlus,4.4,12,256,5000.0,50.0,28135.0
"REDMI Note 12 Pro+ 5G (Obsidian Black, 256 GB)",REDMI,4.2,8,256,4980.0,226.0,27999.0
"OPPO A17 (Lake Blue, 64 GB)",OPPO,4.3,4,64,5000.0,55.6,9999.0
"realme 11x 5G (Midnight Black, 128 GB)",realme,4.4,6,128,5000.0,74.0,14999.0
"Infinix HOT 30 5G (Knight Black, 128 GB)",Infinix,4.2,8,128,6000.0,58.0,12999.0
"OnePlus 11R 5G (Sonic Black, 256 GB)",OnePlus,4.5,16,256,5000.0,50.0,44980.0
"POCO M5 (Power Black, 64 GB)",POCO,4.1,4,64,5000.0,62.0,7999.0
"realme C55 (Sunshower, 64 GB)",realme,4.4,4,64,5000.0,74.0,8499.0
"OnePlus 11R 5G (Sonic Black, 128 GB)",OnePlus,4.5,8,128,5000.0,50.0,39969.0
"OnePlus 11R 5G (Galactic Silver, 128 GB)",OnePlus,4.5,8,128,5000.0,50.0,39800.0
"OnePlus 11R 5G (Sonic Black, 128 GB)",OnePlus,4.5,8,128,5000.0,50.0,39920.0
"Infinix HOT 30 5G (Aurora Blue, 128 GB)",Infinix,4.2,4,128,6000.0,58.0,11499.0
"REDMI Note 12 (Lunar Black, 64 GB)",REDMI,4.1,6,64,5000.0,73.0,11999.0
"REDMI Note 12 (Sunrise Gold, 64 GB)",REDMI,4.1,6,64,5000.0,73.0,11999.0
"OPPO A78 5G (Glowing Black, 128 GB)",OPPO,4.3,8,128,5000.0,60.0,18999.0
"REDMI Note 12 (Lunar Black, 128 GB)",REDMI,4.1,6,128,5000.0,73.0,13999.0
"Google Pixel 8 (Hazel, 256 GB)",Google,4.3,8,256,4575.0,72.5,82999.0
"realme C55 (Sunshower, 64 GB)",realme,4.3,6,64,5000.0,74.0,13999.0
"OPPO A78 5G (Glowing Blue, 128 GB)",OPPO,4.3,8,128,5000.0,60.0,18999.0
"I Kall Z19Pro Ultra (champagne, 128 GB)",I,3.5,6,128,5000.0,23.0,7989.0
"I Kall Z19Pro Ultra (Blue, 128 GB)",I,3.5,6,128,5000.0,23.0,7989.0
"REDMI 12 (Jade Black, 128 GB)",REDMI,4.3,4,128,5000.0,68.0,9499.0
"Google Pixel 8 (Obsidian, 128 GB)",Google,4.3,8,128,4575.0,72.5,75999.0
"Google Pixel 8 (Hazel, 128 GB)",Google,4.3,8,128,4575.0,72.5,75999.0
"realme 11 Pro 5G (Astral Black, 256 GB)",realme,4.4,8,256,5000.0,118.0,24999.0
"Google Pixel 8 (Rose, 128 GB)",Google,4.3,8,128,4575.0,72.5,75999.0
"realme 11 Pro 5G (Sunrise Beige, 256 GB)",realme,4.4,8,256,5000.0,118.0,24999.0
"APPLE iPhone 15 (Blue, 128 GB)",APPLE,4.6,0,128,5000.0,72.0,77900.0
"APPLE iPhone 12 (Blue, 128 GB)",APPLE,4.6,0,128,5000.0,36.0,48999.0
"realme C55 (Sunshower, 128 GB)",realme,4.3,8,128,5000.0,74.0,13999.0
"realme C55 (Rainy Night, 64 GB)",realme,4.3,6,64,5000.0,74.0,11999.0
"realme C55 (Rainy Night, 128 GB)",realme,4.3,8,128,5000.0,74.0,13999.0
"realme C55 (Rainforest, 64 GB)",realme,4.3,6,64,5000.0,74.0,11999.0
"realme C55 (Rainforest, 128 GB)",realme,4.3,8,128,5000.0,74.0,13999.0
"OnePlus Nord CE 3 Lite 5G (Chromatic Gray, 256 GB)",OnePlus,4.4,8,256,5000.0,108.0,21985.0
"APPLE iPhone 14 (Purple, 256 GB)",APPLE,4.6,0,256,5000.0,36.0,71999.0
"realme 11 Pro 5G (Sunrise Beige, 128 GB)",realme,4.4,8,128,5000.0,118.0,21999.0
HOTLINE H310,HOTLINE,3.3,0,0,1000.0,0.3,645.0
"APPLE iPhone 14 (Purple, 256 GB)",APPLE,4.6,0,256,5000.0,36.0,71999.0
HOTLINE H310,HOTLINE,3.3,0,0,1000.0,0.3,645.0
itel Ace2 Keypad Mobile| 1000 mAh Battery|Expandable Storage 32GB,itel,4.0,0,0,1000.0,0.0,898.0
"realme C55 (Rainforest, 64 GB)",realme,4.4,4,64,5000.0,74.0,8499.0
"realme 11 Pro 5G (Sunrise Beige, 128 GB)",realme,4.4,8,128,5000.0,118.0,21999.0
"Google Pixel 7 Pro (Obsidian, 128 GB)",Google,4.3,12,128,4926.0,120.8,60999.0
"realme C55 (Rainy Night, 64 GB)",realme,4.4,4,64,5000.0,74.0,8499.0
itel Power110Neo|2500 mAh battery| Expandable Storage Upto 32GB,itel,4.3,0,0,2500.0,0.3,1199.0
"SAMSUNG Galaxy M14 5G (Berry Blue, 128 GB)",SAMSUNG,4.2,6,128,6000.0,50.0,13285.0
"MOTOROLA g84 5G (Midnight Blue, 256 GB)",MOTOROLA,4.2,12,256,5000.0,74.0,18999.0
"Nothing Phone (2) (White, 512 GB)",Nothing,4.4,12,512,4700.0,132.0,44999.0
"REDMI 12 5G (Moonstone Silver, 256 GB)",REDMI,4.2,8,256,5000.0,50.0,15669.0
"POCO F5 5G (Carbon Black, 256 GB)",POCO,4.3,8,256,5000.0,90.0,26999.0
"SAMSUNG Galaxy F34 5G (Electric Black, 128 GB)",SAMSUNG,4.2,8,128,6000.0,73.0,18499.0
itel Ace2 Keypad Mobile| 1000 mAh Battery|Expandable Storage 32GB,itel,4.0,0,0,1000.0,0.0,899.0
SAMSUNG Guru Music 2,SAMSUNG,4.3,0,0,5000.0,0.0,1847.0
"MOTOROLA g84 5G (Marshmallow Blue, 256 GB)",MOTOROLA,4.2,12,256,5000.0,74.0,18999.0
"REDMI 12 5G (Jade Black, 256 GB)",REDMI,4.2,8,256,5000.0,50.0,15500.0
"APPLE iPhone 12 (White, 64 GB)",APPLE,4.6,0,64,5000.0,36.0,42999.0
LAVA A1 Josh with BOL,LAVA,4.1,0,0,5000.0,1000.0,1028.0
"Infinix Zero 30 5G (Fantasy Purple, 256 GB)",Infinix,4.2,12,256,5000.0,173.0,23999.0
"realme 11 Pro 5G (Oasis Green, 128 GB)",realme,4.4,8,128,5000.0,118.0,21999.0
"realme 11 Pro 5G (Oasis Green, 256 GB)",realme,4.4,8,256,5000.0,118.0,24999.0
"I Kall K-510 (Golden, 32 GB)",I,3.1,2,32,3000.0,13.0,4999.0
"Nothing Phone (2) (White, 256 GB)",Nothing,4.4,12,256,4700.0,132.0,41999.0
"SAMSUNG Galaxy M14 5G (ICY Silver, 128 GB)",SAMSUNG,4.2,4,128,6000.0,50.0,12499.0
"OPPO Reno10 Pro 5G (Glossy Purple, 256 GB)",OPPO,4.3,12,256,4600.0,122.0,37999.0
"REDMI Note 12 Pro+ 5G (Arctic White, 256 GB)",REDMI,4.2,8,256,4980.0,226.0,27999.0
MOTOROLA Moto A10E,MOTOROLA,4.1,0,0,5000.0,800.0,1348.0
"Nothing Phone (2) (Dark Grey, 128 GB)",Nothing,4.4,8,128,4700.0,132.0,39999.0
Kechaoda K66 The Music House 4,Kechaoda,3.9,0,0,5000.0,1.3,1190.0
Kechaoda K66 The Music House 4,Kechaoda,3.9,0,0,5000.0,1.3,1149.0
I Kall K3310,I,3.6,0,0,1000.0,0.3,729.0
"REDMI Note 12 5G (Frosted Green, 128 GB)",REDMI,4.2,6,128,5000.0,71.0,16999.0
"realme Narzo N53 (Feather Black, 128 GB)",realme,4.2,6,128,5000.0,50.0,10795.0
"Infinix HOT 20 Play (Fantasy Purple, 64 GB)",Infinix,4.4,4,64,6000.0,21.0,7499.0
"REDMI Note 12 (Sunrise Gold, 128 GB)",REDMI,4.1,6,128,5000.0,73.0,13999.0
"Infinix HOT 20 Play (Aurora Green, 64 GB)",Infinix,4.4,4,64,6000.0,21.0,7499.0
"SAMSUNG Galaxy A34 5G (Awesome Violet, 128 GB)",SAMSUNG,4.2,8,128,5000.0,74.0,28999.0
Nokia 105 ss,Nokia,4.3,0,0,5000.0,800.0,1319.0
Micromax X412,Micromax,3.9,0,0,5000.0,800.0,908.0
"REDMI Note 12 5G (Frosted Green, 256 GB)",REDMI,4.1,8,256,5000.0,71.0,18999.0
"Infinix Zero 30 5G (Rome Green, 256 GB)",Infinix,4.3,8,256,5000.0,173.0,22999.0
"POCO F5 5G (Electric Blue, 256 GB)",POCO,4.3,8,256,5000.0,90.0,26999.0
"POCO X5 Pro 5G (Yellow, 256 GB)",POCO,4.3,8,256,5000.0,134.0,22999.0
Kechaoda A26,Kechaoda,4.0,0,0,5000.0,800.0,965.0
Kechaoda A26,Kechaoda,4.0,0,0,5000.0,800.0,975.0
"Infinix HOT 20 Play (Luna Blue, 64 GB)",Infinix,4.4,4,64,6000.0,21.0,7499.0
"APPLE iPhone 12 (White, 64 GB)",APPLE,4.6,0,64,5000.0,36.0,42999.0
Kechaoda A27,Kechaoda,4.0,0,0,5000.0,800.0,975.0
"REDMI Note 12 Pro+ 5G (Arctic White, 256 GB)",REDMI,4.2,8,256,4980.0,226.0,27999.0
SAMSUNG Guru Music 2,SAMSUNG,4.3,0,0,5000.0,0.0,1847.0
"OPPO A78 5G (Glowing Blue, 128 GB)",OPPO,4.3,8,128,5000.0,60.0,18999.0
KARBONN BHARAT K1 4G,KARBONN,3.8,0,0,1000.0,2.0,999.0
"REDMI 12C (Lavender Purple, 64 GB)",REDMI,4.2,4,64,5000.0,55.0,7999.0
itel Ace2 Keypad Mobile| 1000 mAh Battery|Expandable Storage 32GB,itel,4.0,0,0,1000.0,0.0,899.0
Kechaoda K66 The Music House 4,Kechaoda,3.9,0,0,5000.0,1.3,1149.0
"SAMSUNG Galaxy A34 5G (Awesome Violet, 128 GB)",SAMSUNG,4.2,8,128,5000.0,74.0,28999.0
Micromax X413,Micromax,4.0,0,0,5000.0,0.3,875.0
"realme Narzo N53 (Feather Black, 64 GB)",realme,4.2,4,64,5000.0,50.0,8856.0
"APPLE iPhone 15 (Green, 128 GB)",APPLE,4.6,0,128,5000.0,72.0,77900.0
"REDMI 12 (Moonstone Silver, 128 GB)",REDMI,4.3,4,128,5000.0,68.0,9499.0
MOTOROLA Moto A10E,MOTOROLA,4.1,0,0,5000.0,800.0,1388.0
Micromax X413,Micromax,4.0,0,0,5000.0,0.3,895.0
"Tecno Spark Go 2023 6.56 HD+Display 13MP Dual Camera (Orange, 64 GB)",Tecno,4.3,4,64,5000.0,13.0,6949.0
MOTOROLA Moto A10E,MOTOROLA,4.1,0,0,5000.0,800.0,1348.0
"realme Narzo N53 (Feather Black, 128 GB)",realme,4.2,6,128,5000.0,50.0,10870.0
"REDMI Note 12 5G (Mystique Blue, 256 GB)",REDMI,4.1,8,256,5000.0,71.0,18999.0
"REDMI Note 12 Pro 5G (Glacier Blue, 256 GB)",REDMI,4.1,12,256,5000.0,76.0,25999.0
"Infinix HOT 20 Play (Fantasy Purple, 64 GB)",Infinix,4.4,4,64,6000.0,21.0,7499.0
itel ACE 2 YOUNG (WITHOUT CHARGER),itel,4.1,0,0,1000.0,0.0,829.0
"OnePlus Nord CE3 5G (Aqua Surge, 128 GB)",OnePlus,4.4,8,128,5000.0,50.0,24679.0
Kechaoda K115,Kechaoda,4.1,0,0,5000.0,0.3,1080.0
"SAMSUNG Galaxy A54 5G (Awesome Violet, 256 GB)",SAMSUNG,4.2,8,256,5000.0,99.0,38999.0
"SAMSUNG Galaxy Z Flip3 5G (Cream, 128 GB)",SAMSUNG,4.3,8,128,3300.0,34.0,45999.0
"vivo V29 5G (Blue, 128 GB)",vivo,4.5,8,128,4600.0,110.0,32999.0
"Honor 90 5G (Diamond Silver, 256 GB)",Honor,4.2,8,256,5000.0,200.0,31498.0
Micromax X512,Micromax,3.9,0,0,1750.0,0.3,1075.0
I Kall K3310,I,3.6,0,0,1000.0,0.3,744.0
"realme Narzo N53 (Feather Gold, 128 GB)",realme,4.2,6,128,5000.0,50.0,10274.0
Micromax X413,Micromax,4.0,0,0,5000.0,0.3,875.0
"REDMI Note 12 5G (Mystique Blue, 256 GB)",REDMI,4.1,8,256,5000.0,71.0,18999.0
Kechaoda K115,Kechaoda,4.1,0,0,5000.0,0.3,1060.0
"itel A60S (Moonlit Violet, 128 GB)",itel,4.0,8,128,5000.0,8.0,6715.0
SAMSUNG Guru Music 2,SAMSUNG,4.3,0,0,5000.0,800.0,1840.0
"OnePlus Nord CE3 5G (Grey Shimmer, 128 GB)",OnePlus,4.4,8,128,5000.0,50.0,24965.0
"OnePlus Nord CE3 5G (Aqua Surge, 128 GB)",OnePlus,4.4,8,128,5000.0,50.0,24799.0
Kechaoda K112,Kechaoda,4.0,0,0,3600.0,0.3,1580.0
KARBONN KX 29,KARBONN,3.7,0,0,2700.0,0.3,1409.0
"vivo V29e 5G (Artistic Blue, 128 GB)",vivo,4.3,8,128,5000.0,122.0,26999.0
KARBONN KX 29,KARBONN,3.7,0,0,3000.0,0.3,1508.0
Kechaoda K115,Kechaoda,4.1,0,0,5000.0,0.3,1090.0
"OnePlus 10R (Forest Green, 128 GB)",OnePlus,4.3,8,128,5000.0,66.0,27360.0
"OnePlus 11R 5G (Sonic Black, 128 GB)",OnePlus,4.5,8,128,5000.0,66.0,38611.0
Micromax X413,Micromax,4.0,0,0,5000.0,0.3,895.0
"OnePlus 10R (Sierra Black, 128 GB)",OnePlus,4.3,8,128,5000.0,66.0,27124.0
Kechaoda K115,Kechaoda,4.1,0,0,5000.0,0.3,1099.0
"REDMI Note 12 Pro 5G (Stardust Purple, 256 GB)",REDMI,4.1,12,256,5000.0,76.0,25999.0
Kechaoda A26,Kechaoda,4.0,0,0,5000.0,800.0,975.0
"OnePlus 10R (Sierra Black, 128 GB)",OnePlus,4.3,8,128,5000.0,66.0,27124.0
KARBONN BHARAT K1 4G,KARBONN,3.8,0,0,1000.0,2.0,999.0
"REDMI 12 5G (Moonstone Silver, 128 GB)",REDMI,4.3,4,128,5000.0,50.0,12699.0
"Infinix Zero 30 5G (Golden Hour, 256 GB)",Infinix,4.2,12,256,5000.0,173.0,23999.0
Micromax J3,Micromax,3.3,0,0,5000.0,800.0,870.0
"REDMI 13c (Starshine Green, 256 GB)",REDMI,4.2,8,256,5000.0,50.0,12790.0
"IQOO Z7 Pro 5G (Blue Lagoon, 128 GB)",IQOO,4.5,8,128,4600.0,64.0,24447.0
"SAMSUNG Galaxy M14 5G (Icy Silver, 128 GB)",SAMSUNG,4.2,6,128,6000.0,50.0,13049.0
"SAMSUNG Galaxy M34 5G (Waterfall Blue, 128 GB)",SAMSUNG,4.1,8,128,6000.0,50.0,19288.0
Kechaoda A27,Kechaoda,4.0,0,0,5000.0,800.0,975.0
"vivo Y16 (Drizzling Gold, 128 GB)",vivo,4.3,4,128,5000.0,20.0,10948.0
"SAMSUNG Galaxy A14 5G (Black, 64 GB)",SAMSUNG,4.1,4,64,5000.0,65.0,14499.0
"vivo V29 5G (Blue, 256 GB)",vivo,4.4,12,256,4600.0,110.0,36999.0
"REDMI 13c (Stardust Black, 128 GB)",REDMI,4.2,6,128,5000.0,50.0,10988.0
"REDMI 13c (Stardust Black, 256 GB)",REDMI,4.2,8,256,5000.0,50.0,12770.0
"REDMI 13c (Starshine Green, 128 GB)",REDMI,4.2,4,128,5000.0,50.0,9544.0
"REDMI 13c (Stardust Black, 128 GB)",REDMI,4.2,4,128,5000.0,50.0,9392.0
"SAMSUNG Galaxy M14 5G (Smoky Teal, 128 GB)",SAMSUNG,4.2,6,128,6000.0,50.0,12799.0
"vivo V29e 5G (Artistic Red, 256 GB)",vivo,4.3,8,256,5000.0,122.0,28999.0
"vivo V29e 5G (Artistic Blue, 256 GB)",vivo,4.3,8,256,5000.0,122.0,28999.0
"Infinix Zero 30 5G (Rome Green, 256 GB)",Infinix,4.2,12,256,5000.0,173.0,23999.0
Micromax X778,Micromax,3.9,0,0,2700.0,0.3,1470.0
"SAMSUNG Galaxy A54 5G (Awesome Violet, 256 GB)",SAMSUNG,4.2,8,256,5000.0,99.0,38999.0
"OPPO A58 (Glowing Black, 128 GB)",OPPO,4.3,6,128,5000.0,60.0,12999.0
Kechaoda K115,Kechaoda,4.1,0,0,5000.0,0.3,1099.0
Kechaoda K115,Kechaoda,4.1,0,0,5000.0,0.3,1090.0
"itel P55 5G |50MP Dual Rear Camera|5000mAh Battery|Expandable Upto 1 TB (Mint Green, 64 GB)",itel,4.3,4,64,5000.0,58.0,9995.0
SAMSUNG Guru Music 2,SAMSUNG,4.3,0,0,5000.0,800.0,1840.0
"APPLE iPhone 12 (Green, 64 GB)",APPLE,4.6,0,64,5000.0,36.0,42999.0
"vivo Y16 (Steller Black, 64 GB)",vivo,4.3,4,64,5000.0,13.0,10490.0
itel MagicX Play 4G| 1900 mAh battery| Expandable Storage upto 64GB,itel,3.9,0,0,1900.0,0.3,1375.0
Kechaoda K115,Kechaoda,4.1,0,0,5000.0,0.3,1060.0
HOTLINE H310,HOTLINE,3.3,0,0,1000.0,0.3,645.0
Kechaoda A27,Kechaoda,4.0,0,0,5000.0,800.0,975.0
"itel P55 5G |50MP Dual Rear Camera|5000mAh Battery|Expandable Upto 1 TB (Galaxy Blue, 64 GB)",itel,4.3,4,64,5000.0,50.0,9995.0
IAIR S19 Dual Sim Keypad Phone | 2800 mAH Battery & Big 2.4 Inch Display,IAIR,3.8,0,0,2800.0,1.6,1099.0
Cellecor X3,Cellecor,3.7,0,0,1000.0,0.3,969.0
Micromax X818,Micromax,3.9,0,0,1450.0,0.3,1535.0
Micromax X818,Micromax,3.9,0,0,1450.0,0.3,1578.0
"OPPO A58 (Dazzling Green, 128 GB)",OPPO,4.3,6,128,5000.0,116.0,12999.0
Kechaoda K115,Kechaoda,4.1,0,0,5000.0,0.3,1080.0
Micromax X778,Micromax,3.9,0,0,2700.0,0.3,1470.0
I Kall K3310,I,3.6,0,0,1000.0,0.3,744.0
"Nokia 110 Dual Sim, Keypad Mobile with Wireless FM Radio, Bluetooth and Rear Camera",Nokia,3.9,0,0,1000.0,0.08,1749.0
"IQOO Z7 Pro 5G (Blue Lagoon, 128 GB)",IQOO,4.5,8,128,4600.0,64.0,24447.0
Micromax X778,Micromax,3.9,0,0,2700.0,0.3,1470.0
"vivo Y16 (Steller Black, 128 GB)",vivo,4.3,4,128,5000.0,20.0,10999.0
"Google Pixel 6a (Chalk, 128 GB)",Google,4.3,6,128,4410.0,32.2,26999.0
Jio V2 Keypad Phone (UPI) Locked,Jio,3.6,0,0,1000.0,0.3,1089.0
"itel it2163s 4.5cm,1200mAh,BT Caller,12+1 Month Warranty with 111 Days Replacement",itel,4.0,0,0,1200.0,0.3,949.0
Snexian GURU 310,Snexian,3.3,0,0,5000.0,1.3,692.0
"realme Narzo 60x 5G (Stellar Green, 128 GB)",realme,4.3,4,128,5000.0,50.0,13355.0
itel MagicX 4G| 1200 mAh battery| Expanadable Storage upto 64GB,itel,3.9,0,0,1200.0,0.3,1748.0
"SAMSUNG Galaxy A14 5G (Black, 128 GB)",SAMSUNG,4.1,6,128,5000.0,65.0,16999.0
"itel A60S (GLACIER GREEN, 128 GB)",itel,4.0,8,128,5000.0,8.0,6550.0
"SAMSUNG Galaxy A14 5G (Dark Red, 64 GB)",SAMSUNG,4.1,4,64,5000.0,65.0,14499.0
"OnePlus Nord CE 3 Lite 5G (Chromatic Gray, 128 GB)",OnePlus,4.4,8,128,5000.0,108.0,19731.0
itel MagicX Play 4G| 1900 mAh battery| Expandable Storage upto 64GB,itel,3.9,0,0,1900.0,0.3,1375.0
IAIR D15 Dual Sim Keypad Phone | 2800 mAH Battery & Big 1.88 Inch Display,IAIR,3.5,0,0,2800.0,1.6,999.0
"vivo Y02t (Cosmic Grey, 64 GB)",vivo,4.2,4,64,5000.0,13.0,8499.0
"vivo V29 Pro 5G (Blue, 256 GB)",vivo,4.5,8,256,4600.0,120.0,39999.0
"vivo V29 Pro 5G (Black, 256 GB)",vivo,4.5,12,256,4600.0,120.0,42999.0
Micromax X778,Micromax,3.9,0,0,2700.0,0.3,1470.0
KARBONN K140 Pop,KARBONN,3.9,0,0,1000.0,0.3,959.0
KARBONN K140 Pop,KARBONN,3.9,0,0,1000.0,0.3,969.0
IAIR S19 Dual Sim Keypad Phone | 2800 mAH Battery & Big 2.4 Inch Display,IAIR,3.8,0,0,2800.0,1.6,1099.0
itel ACE 2 YOUNG (WITHOUT CHARGER),itel,4.1,0,0,1000.0,0.0,829.0
"REDMI 12C (Royal Blue, 64 GB)",REDMI,4.2,4,64,5000.0,55.0,7999.0
"REDMI 13c (Starshine Green, 128 GB)",REDMI,4.2,6,128,5000.0,50.0,10993.0
itel MagicX Play 4G| 1900 mAh battery| Expandable Storage upto 64GB,itel,3.9,0,0,1900.0,0.3,1396.0
"OnePlus Nord CE 3 Lite 5G (Pastel Lime, 128 GB)",OnePlus,4.4,8,128,5000.0,108.0,19846.0
"REDMI Note 12 5G (Matte Black, 128 GB)",REDMI,4.2,6,128,5000.0,71.0,16999.0
SAREGAMA Carvaan Mobile Tamil Don Lite M14 with 351 pre-loaded superhit songs,SAREGAMA,4.2,0,2,5000.0,0.3,1599.0
itel MagicX 4G| 1200 mAh battery| Expanadable Storage upto 64GB,itel,3.9,0,0,1200.0,0.3,1748.0
"Nokia 5310 DS Keypad Mobile, FM Radio,Camera with Flash (8 MB RAM)",Nokia,4.1,0,0,1200.0,0.3,3279.0
Kechaoda K28,Kechaoda,4.0,0,0,1700.0,0.3,1259.0
itel ACE 2 YOUNG (WITHOUT CHARGER),itel,4.1,0,0,1000.0,0.0,829.0
Micromax J3,Micromax,3.3,0,0,5000.0,800.0,870.0
KARBONN K9 Yuva,KARBONN,3.9,0,0,2502.0,2.0,1249.0
"POCO X5 Pro 5G (Horizon Blue, 256 GB)",POCO,4.3,8,256,5000.0,134.0,22999.0
"Nokia 110 Dual Sim, Keypad Mobile with Wireless FM Radio, Bluetooth and Rear Camera",Nokia,3.9,0,0,1000.0,0.08,1749.0
KARBONN K9 Yuva,KARBONN,3.9,0,0,2502.0,2.0,1215.0
"Nokia 110 Dual Sim, Keypad Mobile with Wireless FM Radio, Bluetooth and Rear Camera",Nokia,3.9,0,0,1000.0,0.08,1749.0
"REDMI A2+ (Classic Black, 128 GB)",REDMI,4.1,4,128,5000.0,26.0,7800.0
"realme Narzo N55 (Prime Black, 128 GB)",realme,4.3,6,128,5000.0,64.0,11004.0
Kechaoda K28,Kechaoda,4.0,0,0,1700.0,0.3,1249.0
"SAMSUNG Galaxy M04 (Dark Blue, 64 GB)",SAMSUNG,4.1,4,64,5000.0,20.0,7624.0
KARBONN BHARAT K1 4G,KARBONN,3.8,0,0,1000.0,2.0,999.0
"OPPO A78 (Mist Black, 128 GB)",OPPO,4.3,8,128,5000.0,60.0,15499.0
"SAMSUNG Galaxy5 (Smoky Teal, 128 GB)",SAMSUNG,3.1,8,128,6000.0,50.0,17990.0
Kechaoda K66 The Music House 4,Kechaoda,3.9,0,0,5000.0,1.3,1190.0
"REDMI 11 Prime (Peppy Purple, 128 GB)",REDMI,4.3,6,128,5000.0,62.0,10249.0
"MOTOROLA Edge 30 Fusion (Cosmic grey, 128 GB)",MOTOROLA,4.3,8,128,4400.0,97.0,34999.0
"vivo V29 5G (Black, 128 GB)",vivo,4.5,8,128,4600.0,110.0,31990.0
Nokia 106,Nokia,4.1,0,0,5000.0,1000.0,1349.0
itel it5027,itel,4.2,0,0,1200.0,0.3,1169.0
"realme Narzo N55 (Prime Black, 128 GB)",realme,4.3,6,128,5000.0,64.0,11004.0
"OPPO F23 5G (Bold Gold, 256 GB)",OPPO,4.2,8,256,5000.0,100.0,22999.0
Micromax J22,Micromax,3.9,0,0,5000.0,1000.0,1117.0
KARBONN K140 Pop,KARBONN,3.9,0,0,1000.0,0.3,959.0
"SAMSUNG Galaxy A14 5G (Dark Red, 128 GB)",SAMSUNG,4.1,8,128,5000.0,65.0,18999.0
"APPLE iPhone 12 (Black, 64 GB)",APPLE,4.6,0,64,5000.0,36.0,42999.0
Kechaoda K55 Pro,Kechaoda,3.8,0,0,5000.0,1.3,1135.0
"REDMI 12C (Royal Blue, 64 GB)",REDMI,4.2,4,64,5000.0,55.0,7999.0
"Nokia 110 Dual Sim, Keypad Mobile with Wireless FM Radio, Bluetooth and Rear Camera",Nokia,3.9,0,0,1000.0,0.08,1749.0
"OnePlus Nord CE 3 Lite 5G (Pastel Lime, 128 GB)",OnePlus,4.4,8,128,5000.0,108.0,19846.0
IAIR S19 Dual Sim Keypad Phone | 2800 mAH Battery & Big 2.4 Inch Display,IAIR,3.8,0,0,2800.0,1.6,1099.0
"vivo Y56 5G (Black Engine, 128 GB)",vivo,4.2,4,128,5000.0,68.0,15999.0
"APPLE iPhone 15 Plus (Blue, 128 GB)",APPLE,4.7,0,128,5000.0,72.0,87900.0
"REDMI 11 Prime (Peppy Purple, 128 GB)",REDMI,4.3,6,128,5000.0,62.0,10249.0
"APPLE iPhone 15 Plus (Pink, 256 GB)",APPLE,4.7,0,256,5000.0,72.0,97900.0
"LAVA YUVA 2 PRO (Glass Green, 64 GB)",LAVA,4.2,4,64,5000.0,13.0,7999.0
Good One 2192,Good,3.8,0,0,2500.0,2.0,1099.0
KARBONN K9 Yuva,KARBONN,3.9,0,0,2502.0,2.0,1249.0
"REDMI Note 12 5G (Matte Black, 128 GB)",REDMI,4.2,6,128,5000.0,71.0,16999.0
SAMSUNG Guru Music 2,SAMSUNG,4.3,0,0,5000.0,800.0,2475.0
KARBONN K9 Yuva,KARBONN,3.9,0,0,2502.0,2.0,1215.0
"vivo Y56 5G (Black Engine, 128 GB)",vivo,4.2,4,128,5000.0,68.0,15999.0
SAMSUNG Guru Music 2,SAMSUNG,4.3,0,0,5000.0,800.0,2475.0
"vivo Y56 5G (Orange Shimmer, 128 GB)",vivo,4.2,4,128,5000.0,68.0,15999.0
"APPLE iPhone 15 Plus (Blue, 128 GB)",APPLE,4.7,0,128,5000.0,72.0,87900.0
"realme Narzo 60X 5G (Stellar Green, 128 GB)",realme,4.3,6,128,5000.0,50.0,14674.0
"realme Narzo 60X 5G (Nebula Purple, 128 GB)",realme,4.3,6,128,5000.0,50.0,14800.0
Kechaoda A26_Pink,Kechaoda,4.3,0,16,5000.0,0.0,975.0
"SAMSUNG Galaxy A14 5G (Black, 128 GB)",SAMSUNG,4.1,8,128,5000.0,65.0,18999.0
Nokia 106,Nokia,4.1,0,0,5000.0,1000.0,1349.0
"realme Narzo N55 (Prime Black, 64 GB)",realme,4.3,4,64,5000.0,64.0,10200.0
"OPPO F23 5G (Cool Black, 256 GB)",OPPO,4.2,8,256,5000.0,100.0,22999.0
"POCO M4 Pro (Cool Blue, 128 GB)",POCO,4.2,8,128,5000.0,90.0,13999.0
itel it5027,itel,4.2,0,0,1200.0,0.3,1169.0
"realme C55 (Sunshower, 64 GB)",realme,4.4,4,64,5000.0,74.0,8499.0
"IQOO Z6 Lite 5G (With Charger) (Mystic Night, 128 GB)",IQOO,4.3,6,128,5000.0,50.0,13998.0
"MOTOROLA Edge 30 Fusion (Cosmic grey, 128 GB)",MOTOROLA,4.3,8,128,4400.0,97.0,34999.0
"OPPO A78 (Aqua Green, 128 GB)",OPPO,4.3,8,128,5000.0,60.0,15499.0
"SAMSUNG Galaxy A34 5G (Awesome Violet, 256 GB)",SAMSUNG,4.2,8,256,5000.0,74.0,30999.0
Nokia 106,Nokia,4.1,0,0,5000.0,1000.0,1349.0
"SAMSUNG Galaxy M04 (Dark Blue, 64 GB)",SAMSUNG,4.1,4,64,5000.0,20.0,7624.0
LAVA A7 Torch,LAVA,3.9,0,0,2574.0,0.3,1488.0
"APPLE iPhone 15 Plus (Yellow, 128 GB)",APPLE,4.7,0,128,5000.0,72.0,87900.0
"OPPO A79 5G (Glowing Green, 128 GB)",OPPO,4.4,8,128,5000.0,0.0,19999.0
"OnePlus 10R (Forest Green, 128 GB)",OnePlus,4.3,8,128,5000.0,66.0,27360.0
"SAMSUNG Galaxy5 (Smoky Teal, 128 GB)",SAMSUNG,3.1,8,128,6000.0,50.0,17990.0
IAIR D15 Dual Sim Keypad Phone | 2800 mAH Battery & Big 1.88 Inch Display,IAIR,3.5,0,0,2800.0,1.6,999.0
itel MagicX 4G| 1200 mAh battery| Expanadable Storage upto 64GB,itel,3.9,0,0,1200.0,0.3,1748.0
"Nokia 5310 DS Keypad Mobile, FM Radio,Camera with Flash (8 MB RAM)",Nokia,4.1,0,0,1200.0,0.3,3279.0
"realme C55 (Sunshower, 64 GB)",realme,4.3,6,64,5000.0,74.0,13999.0
"IQOO Z7s 5G (?Pacific Night, 128 GB)",IQOO,4.3,6,128,4500.0,64.0,17272.0
"realme C55 (Rainforest, 128 GB)",realme,4.3,8,128,5000.0,74.0,13999.0
Kechaoda K9,Kechaoda,4.1,0,0,1700.0,0.3,1249.0
"realme C55 (Sunshower, 128 GB)",realme,4.3,8,128,5000.0,74.0,13999.0
Nokia 130 M DS 2023,Nokia,4.3,0,0,5000.0,1450.0,1985.0
"Tecno Pova 5 45W Ultra Fast Charging 6000mAh Big Battery 3D Textured Design 6.78 FHD (Mecha Black, 128...",Tecno,4.3,8,128,6000.0,50.0,12239.0
"realme C55 (Rainforest, 64 GB)",realme,4.3,6,64,5000.0,74.0,11999.0
"realme C55 (Rainy Night, 64 GB)",realme,4.3,6,64,5000.0,74.0,11999.0
"realme C55 (Rainy Night, 128 GB)",realme,4.3,8,128,5000.0,74.0,13999.0
"IQOO Z6 44W (Raven Black, 128 GB)",IQOO,4.2,4,128,5000.0,66.0,11999.0
"OnePlus Nord CE 3 Lite 5G (Chromatic Gray, 256 GB)",OnePlus,4.4,8,256,5000.0,108.0,21855.0
"APPLE iPhone 15 Pro Max (Natural Titanium, 256 GB)",APPLE,4.7,0,256,5000.0,84.0,156900.0
Kechaoda K9,Kechaoda,4.1,0,0,1700.0,0.3,1249.0
"realme C55 (Rainforest, 64 GB)",realme,4.4,4,64,5000.0,74.0,8499.0
KARBONN K9 Yuva,KARBONN,3.9,0,0,2502.0,2.0,1249.0
Kechaoda 888_black,Kechaoda,4.0,0,0,3000.0,0.3,1799.0
"realme C55 (Rainy Night, 64 GB)",realme,4.4,4,64,5000.0,74.0,8499.0
"APPLE iPhone 15 (Pink, 256 GB)",APPLE,4.6,0,256,5000.0,72.0,88900.0
"realme Narzo 60 5G (Mars Orange, 128 GB)",realme,4.3,8,128,5000.0,64.0,17583.0
Good One 2192,Good,3.8,0,0,2500.0,2.0,1099.0
"SAMSUNG Galaxy A14 5G (Dark Red, 128 GB)",SAMSUNG,4.1,6,128,5000.0,65.0,16999.0
"APPLE iPhone 15 Pro (Blue Titanium, 128 GB)",APPLE,4.7,0,128,5000.0,84.0,131990.0
"MOTOROLA Edge 30 Fusion (Viva Magenta, 128 GB)",MOTOROLA,4.3,8,128,4400.0,97.0,34999.0
"OPPO A18 (Glowing Black, 128 GB)",OPPO,4.3,4,128,5000.0,15.0,11499.0
"OPPO A18 (Glowing Blue, 128 GB)",OPPO,4.3,4,128,5000.0,15.0,11499.0
KARBONN K110i,KARBONN,3.6,0,0,5000.0,1000.0,939.0
Nokia 130M DS 2023,Nokia,4.2,0,0,5000.0,1450.0,1910.0
"OPPO A17k (Blue, 64 GB)",OPPO,4.5,3,64,5000.0,13.0,8499.0
"Tecno Spark Go 2024 (Gravity Black, 64 GB)",Tecno,4.2,3,64,5000.0,21.8,7199.0
"OPPO A18 (Glowing Blue, 64 GB)",OPPO,4.3,4,64,5000.0,15.0,9999.0
"SAMSUNG Galaxy Z Flip3 5G (Phantom Black, 128 GB)",SAMSUNG,4.3,8,128,3300.0,34.0,45999.0
"vivo V27 5G (Magic Blue, 128 GB)",vivo,4.4,8,128,4600.0,110.0,32999.0
"realme Narzo N53 (Feather Gold, 64 GB)",realme,4.2,4,64,5000.0,50.0,9490.0
"OPPO Reno10 Pro+ 5G (Silvery Grey, 256 GB)",OPPO,4.5,12,256,4700.0,154.0,54999.0
Nokia 130M DS 2023,Nokia,4.2,0,0,5000.0,1450.0,1944.0
"Tecno Pova 5 45W Ultra Fast Charging 6000mAh Big Battery 3D Textured Design 6.78 FHD (Amber Gold, 128 ...",Tecno,4.3,8,128,6000.0,50.0,12239.0
"OPPO A18 (Glowing Black, 64 GB)",OPPO,4.3,4,64,5000.0,15.0,9999.0
"APPLE iPhone 15 Plus (Green, 256 GB)",APPLE,4.7,0,256,5000.0,72.0,97900.0
IAIR D23 Dual Sim Keypad Phone | 1200 mAH Battery & Big 1.88 Inch Display,IAIR,3.7,0,0,1200.0,1.6,999.0
IAIR D23 Dual Sim Keypad Phone | 1200 mAH Battery & Big 1.88 Inch Display,IAIR,3.7,0,0,1200.0,1.6,899.0
"Nokia 110 4G Dual Sim, Keypad Mobile, Wireless FM Radio and Rear Camera",Nokia,4.0,0,0,1450.0,0.08,2498.0
"REDMI Note 12 5G (Sunrise Gold, 256 GB)",REDMI,4.1,8,256,5000.0,71.0,18999.0
"vivo Y56 5G (Orange Shimmer, 128 GB)",vivo,4.3,8,128,5000.0,68.0,17999.0
"SAMSUNG Galaxy F13 (Nightsky Green, 128 GB)",SAMSUNG,4.3,4,128,6000.0,65.0,9199.0
"OnePlus 11 5G (Titan Black, 256 GB)",OnePlus,4.5,16,256,5000.0,66.0,58798.0
Peace P1,Peace,3.6,8,0,5000.0,850.0,760.0
"IQOO Z7 Pro 5G (Blue Lagoon, 256 GB)",IQOO,4.5,0,256,4600.0,64.0,25990.0
"APPLE iPhone 15 Pro (White Titanium, 128 GB)",APPLE,4.7,0,128,5000.0,84.0,131990.0
Kechaoda A 27,Kechaoda,3.8,0,0,5000.0,800.0,943.0
"REDMI 11 Prime (Playful Green, 128 GB)",REDMI,4.3,6,128,5000.0,62.0,10249.0
LAVA 34 Ultra,LAVA,4.1,0,0,2575.0,0.8,1599.0
Kechaoda K55,Kechaoda,3.7,0,0,5000.0,1.3,1070.0
"vivo Y16 (Drizzling Gold, 64 GB)",vivo,4.3,4,64,5000.0,20.0,9899.0
"APPLE iPhone 15 Plus (Black, 128 GB)",APPLE,4.7,0,128,5000.0,72.0,87900.0
"APPLE iPhone 15 Plus (Pink, 128 GB)",APPLE,4.7,0,128,5000.0,72.0,87900.0
"vivo V27 5G (Noble Black, 128 GB)",vivo,4.4,8,128,4600.0,110.0,32999.0
"OPPO A38 (Glowing Gold, 128 GB)",OPPO,4.4,4,128,5000.0,57.0,11999.0
"APPLE iPhone 15 Pro (Natural Titanium, 256 GB)",APPLE,4.7,0,256,5000.0,84.0,141900.0
KARBONN K9,KARBONN,4.1,0,0,1800.0,1.3,1375.0
"APPLE iPhone 15 (Green, 256 GB)",APPLE,4.6,8,256,5000.0,72.0,88900.0
"SAMSUNG Galaxy A54 5G (Awesome Graphite, 256 GB)",SAMSUNG,4.2,0,256,5000.0,99.0,38999.0
"SAMSUNG Galaxy A54 5G (Awesome Graphite, 128 GB)",SAMSUNG,4.2,8,128,5000.0,99.0,36999.0
"SAMSUNG Galaxy M14 5G (ICY Silver, 128 GB)",SAMSUNG,4.2,4,128,6000.0,50.0,13188.0
LAVA Hero 600i,LAVA,4.0,0,0,5000.0,620.0,914.0
itel it5026 Keypad Mobile|1200 mAh battery|Expandable Storage upto 32GB,itel,4.0,0,0,1200.0,2.0,1199.0
itel it5026 Keypad Mobile|1200 mAh battery|Expandable Storage upto 32GB,itel,4.0,0,0,1200.0,2.0,1199.0
"realme Narzo 50i Prime (Mint Green, 64 GB)",realme,4.1,4,64,5000.0,13.0,7930.0
"OPPO A17k (Navy Blue, 64 GB)",OPPO,4.5,3,64,5000.0,13.0,8499.0
Kechaoda A26_Pink,Kechaoda,4.3,0,16,5000.0,0.0,975.0
Cellecor X3,Cellecor,3.7,0,0,1000.0,0.3,969.0
LAVA A7 Torch,LAVA,3.9,0,0,2574.0,0.3,1488.0
Energizer M1,Energizer,3.6,0,0,5000.0,0.08,749.0
LAVA A3 VIBE,LAVA,4.1,0,0,1750.0,0.6,1308.0
"OnePlus 11 5G (Eternal Green, 256 GB)",OnePlus,4.5,16,256,5000.0,50.0,58489.0
LAVA A1 Josh BOL,LAVA,4.1,0,0,5000.0,1000.0,1028.0
"OPPO A78 (Aqua Green, 128 GB)",OPPO,4.3,8,128,5000.0,60.0,15499.0
"Samsung Galaxy S21 FE 5G with Snapdragon 888 (Olive, 256 GB)",Samsung,4.3,8,256,4500.0,64.0,41999.0
itel Power 200|2500 mAh battery|Expandable Storage upto 32GB,itel,4.1,0,0,2500.0,0.3,1349.0
"OPPO F23 5G (Bold Gold, 256 GB)",OPPO,4.2,8,256,5000.0,100.0,22999.0
"Tecno Pova 5 45W Ultra Fast Charging 6000mAh Big Battery 3D Textured Design 6.78 FHD (Hurricane Blue, ...",Tecno,4.3,8,128,6000.0,50.0,12239.0
KARBONN K110i,KARBONN,3.6,0,0,5000.0,0.0,939.0
Snexian BOLD,Snexian,3.7,0,0,1000.0,0.3,999.0
"MOTOROLA g54 5G (Midnight Blue, 256 GB)",MOTOROLA,4.2,12,256,6000.0,74.0,15999.0
Kechaoda K112,Kechaoda,4.0,0,0,3600.0,0.3,1699.0
"Nokia 106 4G Keypad Mobile, Long-Lasting Battery, MicroSD Card Slot",Nokia,4.0,0,0,1450.0,0.0,2338.0
ringme me310,ringme,2.6,0,0,1000.0,0.3,629.0
"realme Narzo N55 (Prime Blue, 64 GB)",realme,4.3,4,64,5000.0,64.0,10199.0
"REDMI 12C (Mint Green, 64 GB)",REDMI,4.2,4,64,5000.0,55.0,7999.0
"APPLE iPhone 13 (Midnight, 128 GB)",APPLE,4.6,0,128,5000.0,36.0,59900.0
"APPLE iPhone 15 Plus (Blue, 128 GB)",APPLE,4.7,0,128,5000.0,72.0,87900.0
"REDMI Note 12 Pro 5G (Onyx Black, 256 GB)",REDMI,4.2,8,256,5000.0,76.0,23999.0
Kechaoda K10,Kechaoda,3.9,0,0,5000.0,300.0,979.0
GREENBERRI G370,GREENBERRI,4.0,0,0,5000.0,2.0,999.0
"OnePlus 11 5G (Titan Black, 128 GB)",OnePlus,4.4,8,128,5000.0,66.0,54660.0
Kechaoda A26,Kechaoda,4.0,0,0,5000.0,800.0,944.0
KARBONN K9 Mini,KARBONN,3.8,0,0,5000.0,0.08,1057.0
IAIR S50 Dual Sim Keypad Phone | 2800 mAH Battery & Big 2.4 Inch Display,IAIR,3.3,0,0,2800.0,0.8,1499.0
"SAMSUNG Galaxy M34 5G without charger (Prism Silver, 128 GB)",SAMSUNG,4.2,8,128,6000.0,50.0,19906.0
"SAMSUNG Galaxy M34 5G without charger (Midnight Blue, 128 GB)",SAMSUNG,4.2,8,128,6000.0,50.0,19967.0
"SAMSUNG Galaxy M34 5G without charger (Midnight Blue, 128 GB)",SAMSUNG,4.2,6,128,6000.0,50.0,16640.0
Micromax X415,Micromax,3.9,0,0,1000.0,0.03,1028.0
"SAMSUNG Galaxy S23 5G (Lavender, 256 GB)",SAMSUNG,4.5,8,256,3900.0,84.0,79999.0
Nokia 105 SS 2021,Nokia,4.2,0,0,5000.0,800.0,1350.0
Micromax X512,Micromax,3.9,0,0,1750.0,0.3,1144.0
Micromax S114,Micromax,3.7,0,0,1000.0,0.08,1117.0
"APPLE iPhone 14 ((PRODUCT)RED, 512 GB)",APPLE,4.6,0,512,5000.0,36.0,91999.0
SAMSUNG Guru Music 2,SAMSUNG,4.1,0,0,5000.0,800.0,1849.0
"POCO X5 5G (Wildcat Blue, 128 GB)",POCO,4.2,6,128,5000.0,71.0,18999.0
"APPLE iPhone 15 Pro (Blue Titanium, 128 GB)",APPLE,4.7,0,128,5000.0,84.0,131990.0
"Nokia 105 Single SIM, Keypad Mobile Phone with Wireless FM Radio",Nokia,4.1,0,0,5000.0,0.0,1499.0
"Nokia 105 PSS, Keypad Mobile Phone with FM Radio, Memory Card Slot",Nokia,4.1,0,0,1000.0,0.0,19825.377337733775
"APPLE iPhone 15 Plus (Pink, 128 GB)",APPLE,4.7,0,128,5000.0,72.0,87900.0
"Tecno Spark Go 2023 6.56 HD+Display 13MP Dual Camera (UYUNI BLUE, 64 GB)",Tecno,4.3,4,64,5000.0,13.0,7399.0
SAMSUNG 1215,SAMSUNG,3.7,0,0,5000.0,800.0,2099.0
"Tecno Spark Go 2023 (Endless Black, 64 GB)",Tecno,4.2,4,64,5000.0,13.0,6970.0
itel Muzik 110| 1900 mAh battery| Expandable Storage upto 32GB,itel,4.1,0,0,1900.0,0.3,1248.0
"vivo Y200 5G (Desert Gold, 128 GB)",vivo,4.3,8,128,4800.0,82.0,21999.0
"realme Narzo 60 5G (Mars Orange, 128 GB)",realme,4.3,8,128,5000.0,64.0,17583.0
"SAMSUNG Galaxy M34 5G without charger (Prism Silver, 128 GB)",SAMSUNG,4.2,6,128,6000.0,50.0,16248.0
I Kall K3310,I,3.6,0,0,1000.0,0.3,729.0
Kechaoda A27,Kechaoda,4.0,0,0,5000.0,800.0,940.0
"IQOO Z7s 5G (Pacific Night, 128 GB)",IQOO,4.3,8,128,4500.0,64.0,18598.0
"IQOO Z7S 5G (Pacific Night, 128 GB)",IQOO,4.3,8,128,4500.0,64.0,18599.0
"OPPO A79 5G (Mystery Black, 128 GB)",OPPO,4.4,8,128,5000.0,0.0,19999.0
"APPLE iPhone 15 Pro Max (White Titanium, 256 GB)",APPLE,4.7,0,256,5000.0,84.0,156900.0
itel Power110Neo| 2500 mAh battery| Expandable Storage Upto 32GB,itel,4.6,0,0,2500.0,0.3,1199.0
"REDMI 10 Power (Sporty Orange, 128 GB)",REDMI,4.2,8,128,6000.0,50.0,11876.0
Kechaoda K10,Kechaoda,3.9,0,0,5000.0,300.0,1090.0
Micromax X416,Micromax,4.0,0,0,1000.0,0.3,935.0
"IQOO Z7S 5G (Norway Blue, 128 GB)",IQOO,4.3,8,128,4500.0,64.0,18434.0
"IQOO Z7s 5G (?Pacific Night, 128 GB)",IQOO,4.3,6,128,4500.0,64.0,17274.0
Cellecor E6+,Cellecor,3.6,0,0,2750.0,0.8,1184.0
"OPPO A79 5G (Glowing Green, 128 GB)",OPPO,4.4,8,128,5000.0,0.0,19999.0
itel Muzik 110| 1900 mAh battery| Expandable Storage upto 32GB,itel,4.1,0,0,1900.0,0.3,1247.0
Micromax X809,Micromax,3.7,0,0,1000.0,1.0,1265.0
"SAMSUNG Galaxy F13 (Sunrise Copper, 128 GB)",SAMSUNG,4.3,4,128,6000.0,65.0,9199.0
"Tecno Pova 5 45W Ultra Fast Charging 6000mAh Big Battery 3D Textured Design 6.78 FHD (Amber Gold, 128 ...",Tecno,4.3,8,128,6000.0,50.0,12239.0
"Tecno Pova 5 45W Ultra Fast Charging 6000mAh Big Battery 3D Textured Design 6.78 FHD (Mecha Black, 128...",Tecno,4.3,8,128,6000.0,50.0,12239.0
itel Muzik 110| 1900 mAh battery| Expandable Storage upto 32GB,itel,4.1,0,0,1900.0,0.3,1248.0
"Tecno Pop 7 pro Uyuni 12MP Dual Camera B29 (?Uyuni Blue, 64 GB)",Tecno,4.0,2,64,5000.0,12.0,6390.0
"realme Narzo 60 5g (Cosmic Black, 256 GB)",realme,4.3,8,256,5000.0,64.0,20359.0
"Infinix GT10 Pro (Cyber Black, 256 GB)",Infinix,4.2,8,256,5000.0,144.0,21999.0
"SAMSUNG Galaxy M34 5G without charger (Midnight Blue, 128 GB)",SAMSUNG,4.2,6,128,6000.0,50.0,16640.0
Kechaoda K103,Kechaoda,3.9,0,0,1700.0,0.3,1299.0
Kechaoda K103,Kechaoda,3.9,0,0,1700.0,0.3,1299.0
"OPPO A17k (Navy Blue, 64 GB)",OPPO,4.5,3,64,5000.0,13.0,8499.0
I Kall K100,I,3.3,0,0,5000.0,1000.0,719.0
"SAMSUNG Galaxy A23 5G (Silver, 128 GB)",SAMSUNG,4.0,8,128,5000.0,63.0,23999.0
"SAMSUNG GALAXY M13 (Midnight Blue, 128 GB)",SAMSUNG,4.2,6,128,6000.0,50.0,12075.0
Micromax X416,Micromax,4.0,0,0,1000.0,0.3,935.0
"APPLE iPhone 15 Pro (Natural Titanium, 128 GB)",APPLE,4.7,0,128,5000.0,84.0,131990.0
"itel A60s (Glacier Green, 128 GB)",itel,4.1,4,128,5000.0,16.0,6790.0
Cellecor E6+,Cellecor,3.6,0,0,2750.0,0.8,1171.0
"Tecno Spark Go 2023 (UYUNI BLUE, 64 GB)",Tecno,4.1,3,64,5000.0,13.0,7098.0
Nokia 105 SS 2021,Nokia,4.2,0,0,5000.0,800.0,1350.0
"vivo Y36 (Meteor Black, 128 GB)",vivo,4.2,8,128,5000.0,68.0,14999.0
"vivo Y36 (Vibrant Gold, 128 GB)",vivo,4.2,8,128,5000.0,68.0,14999.0
"REDMI 12C (Mint Green, 64 GB)",REDMI,4.2,4,64,5000.0,55.0,7999.0
Micromax X512,Micromax,3.9,0,0,1750.0,0.3,1399.0
"realme Narzo 60 5G (Mars Orange, 256 GB)",realme,4.3,8,256,5000.0,64.0,20367.0
"Micromax IN Note 1 (White, 64 GB)",Micromax,4.1,4,64,5000.0,73.0,10699.0
"OnePlus Nord 3 5G (Misty Green, 128 GB)",OnePlus,4.4,8,128,5000.0,50.0,30640.0
Kechaoda K116,Kechaoda,3.9,0,0,5000.0,1.3,1130.0
"Tecno Spark Go 2023 (Endless Black, 64 GB)",Tecno,4.1,3,64,5000.0,18.0,7148.0
Micromax X809,Micromax,3.7,0,0,1000.0,1.0,1267.0
LAVA Gem,LAVA,4.2,0,0,1750.0,1.3,1849.0
SAMSUNG Guru Music 2 SM-B315E,SAMSUNG,4.1,8,0,5000.0,0.0,1839.0
"realme Narzo 60 5G (?Cosmic Black, 128 GB)",realme,4.3,0,128,5000.0,64.0,17650.0
"Tecno Pop 7Pro 5000mAh Battery 13MP Dual Rear Camera (uyuni blue, 64 GB)",Tecno,4.2,3,64,5000.0,50.0,6845.0
"OPPO A17 (Sunlight Orange, 64 GB)",OPPO,4.3,4,64,5000.0,55.6,11499.0
Kechaoda A26,Kechaoda,4.0,0,0,5000.0,800.0,944.0
"itel A60S (SHADOW BLACK, 128 GB)",itel,4.0,8,128,5000.0,8.0,6549.0
"Tecno Spark Go 2023 (Nebula Purple, 64 GB)",Tecno,4.2,4,64,5000.0,18.0,6970.0
"Tecno Spark 10c (Meta Blue, 128 GB)",Tecno,4.1,8,128,5000.0,24.0,9699.0
"Tecno Spark 10 (Magic Skin Orange, 128 GB)",Tecno,4.4,8,128,5000.0,50.0,9791.0
Nokia 105,Nokia,4.2,0,0,1000.0,0.03,1410.0
Cellecor E6+,Cellecor,3.6,0,0,2750.0,0.8,1169.0
"Tecno Spark Go 2023 (Nebula Purple, 32 GB)",Tecno,4.1,3,32,5000.0,18.0,6380.0
"APPLE iPhone 14 ((PRODUCT)RED, 512 GB)",APPLE,4.6,0,512,5000.0,36.0,91999.0
"REDMI 10 Power (Sporty Orange, 128 GB)",REDMI,4.2,8,128,6000.0,50.0,11876.0
ringme R1Pro Bullet,ringme,4.2,0,32,3000.0,3.0,899.0
"APPLE iPhone 15 Pro (Blue Titanium, 256 GB)",APPLE,4.7,0,256,5000.0,84.0,141900.0
"APPLE iPhone 15 Pro Max (Black Titanium, 512 GB)",APPLE,4.7,0,512,5000.0,84.0,176900.0
"APPLE iPhone 13 (Pink, 128 GB)",APPLE,4.6,0,128,5000.0,36.0,58900.0
SAMSUNG 1215,SAMSUNG,3.7,0,0,5000.0,800.0,2099.0
"Google Pixel 6a (Charcoal, 128 GB)",Google,4.3,6,128,4410.0,32.2,26999.0
"APPLE iPhone 15 Pro Max (Natural Titanium, 512 GB)",APPLE,4.7,0,512,5000.0,84.0,176900.0
"APPLE iPhone 15 Pro (Black Titanium, 256 GB)",APPLE,4.7,0,256,5000.0,84.0,141900.0
"APPLE iPhone 11 (White, 64 GB)",APPLE,4.6,0,64,5000.0,36.0,43900.0
"OPPO A38 (Glowing Black, 128 GB)",OPPO,4.4,4,128,5000.0,57.0,11999.0
Kechaoda K-55 Plus,Kechaoda,4.0,0,0,5000.0,0.3,1108.0
"APPLE iPhone 14 (Blue, 512 GB)",APPLE,4.6,0,512,5000.0,36.0,91999.0
KARBONN KX 29,KARBONN,3.7,0,0,2700.0,0.3,1405.0
Kechaoda K115,Kechaoda,4.1,0,0,5000.0,0.3,1068.0
"APPLE iPhone 15 Plus (Yellow, 128 GB)",APPLE,4.7,0,128,5000.0,72.0,87900.0
"Nokia G11 Plus DS 50MP Camera, 8MP+2MP Dual Front Camera (Blue, 64 GB)",Nokia,3.6,4,64,5000.0,62.0,8395.0
"REDMI 10 Power (Power Black, 128 GB)",REDMI,4.2,8,128,6000.0,55.0,10979.0
"Xiaomi 11i Hypercharge 5G (Stealth Black, 128 GB)",Xiaomi,4.2,8,128,4500.0,134.0,23870.0
"APPLE iPhone 15 (Pink, 256 GB)",APPLE,4.6,0,256,5000.0,72.0,88900.0
Kechaoda K-55 Plus,Kechaoda,4.0,0,0,5000.0,0.3,1108.0
"Redmi 9A Sport (Carbon Black, 32 GB)",Redmi,4.1,2,32,5000.0,13.0,7144.0
"Tecno Spark Go 2023 (UYUNI BLUE, 32+3 GB)",Tecno,4.1,3,0,5000.0,13.0,6244.0
"SAMSUNG GALAXY M13 (Midnight Blue, 64 GB)",SAMSUNG,4.2,0,64,6000.0,50.0,9099.0
"SAMSUNG Galaxy M14 5G (Smoky Teal, 128 GB)",SAMSUNG,4.2,4,128,6000.0,50.0,12320.0
"vivo V29 5G (Black, 128 GB)",vivo,4.5,4,128,4600.0,110.0,31990.0
"Tecno Spark Go 2023 (Nebula Purple, 64 GB)",Tecno,4.2,8,64,5000.0,18.0,6970.0
"APPLE iPhone 15 Pro (White Titanium, 128 GB)",APPLE,4.7,4,128,5000.0,84.0,131990.0
ringme R1Pro Bullet,ringme,4.2,0,32,3000.0,3.0,899.0
"REDMI Note 12 5G (Sunrise Gold, 256 GB)",REDMI,4.1,8,256,5000.0,71.0,18999.0
"SAMSUNG Galaxy A52 (Awesome Blue, 128 GB)",SAMSUNG,4.3,8,128,4500.0,118.0,22990.0
"SAMSUNG Galaxy A23 5G (Light Blue, 128 GB)",SAMSUNG,4.1,6,128,5000.0,63.0,21999.0
DIZO Star 500,DIZO,3.9,0,0,1900.0,0.3,1645.0
"SAMSUNG Galaxy S20 FE 5G (Cloud Navy, 128 GB)",SAMSUNG,4.2,8,128,4500.0,44.0,27985.0
KARBONN K9 Yuva,KARBONN,3.9,0,0,2502.0,2.0,1225.0
Nokia 105,Nokia,4.2,0,0,1000.0,0.03,1410.0
"Tecno Pop 7Pro 5000mAh Battery 13MP Dual Rear Camera (uyuni blue, 64 GB)",Tecno,4.2,3,64,5000.0,50.0,6845.0
"OPPO A38 (Glowing Gold, 128 GB)",OPPO,4.4,4,128,5000.0,57.0,11999.0
itel Ace2 lite Keypad Mobile| 1000 mAh Battery|Expandable Storage 32GB,itel,3.7,0,0,5000.0,1000.0,899.0
"APPLE iPhone 15 Plus (Black, 256 GB)",APPLE,4.7,0,256,5000.0,72.0,97900.0
"REDMI 10A SPORT (CHARCOAL BLACK, 128 GB)",REDMI,4.1,6,128,5000.0,13.0,9649.0
"SAMSUNG Galaxy A34 5G (Awesome Lime, 128 GB)",SAMSUNG,4.2,8,128,5000.0,74.0,28999.0
Kechaoda A 27,Kechaoda,3.8,0,0,5000.0,800.0,943.0
"Micromax IN Note 1 (White, 128 GB)",Micromax,4.1,4,128,5000.0,73.0,10999.0
"MOTOROLA G32 (Satin Silver, 128 GB)",MOTOROLA,4.1,8,128,5000.0,76.0,9999.0
"APPLE iPhone 15 Plus (Pink, 256 GB)",APPLE,4.7,0,256,5000.0,72.0,97900.0
itel It2171 Keypad Mobile|1000 mAh battery|Expandable Storage upto 32GB,itel,4.0,0,0,1000.0,0.3,999.0
"itel A60 (DawnBlue, 32 GB)",itel,4.1,2,32,5000.0,8.0,5890.0
"MOTOROLA e40 (Pink Clay, 64 GB)",MOTOROLA,4.1,4,64,5000.0,60.0,8999.0
"Tecno Spark Go 2023 (Endless Black, 64 GB)",Tecno,4.1,3,64,5000.0,18.0,7148.0
Micromax J2,Micromax,3.8,0,0,5000.0,800.0,891.0
Nokia 106,Nokia,4.1,0,0,5000.0,1000.0,1349.0
Kechaoda A27,Kechaoda,4.0,0,0,5000.0,800.0,955.0
Snexian GURU 310,Snexian,3.3,0,0,5000.0,1.3,609.0
KARBONN Y1,KARBONN,3.8,0,0,5000.0,0.3,969.0
"Tecno Camon 20 4G with FHD + Big AMOLED Display (Art Edition, 256 GB)",Tecno,4.1,8,256,5000.0,98.0,14399.0
"LAVA Blaze 2 (Glass Blue, 128 GB)",LAVA,4.2,6,128,5000.0,13.0,8499.0
"APPLE iPhone 15 Pro Max (White Titanium, 512 GB)",APPLE,4.7,0,512,5000.0,84.0,176900.0
"POCO M6 Pro 5G (Power Black, 64 GB)",POCO,4.3,4,64,5000.0,60.0,10999.0
"vivo Y100 5G (Twilight Gold, 128 GB)",vivo,4.3,8,128,4500.0,84.0,23999.0
"Nokia 150 Dual Sim Keypad Phone, Rear Camera, Long Lasting Battery Life and FM Radio",Nokia,4.2,0,0,1450.0,0.3,2789.0
"Tecno POP 7 Pro (Pure Green, 64 GB)",Tecno,4.0,4,64,5000.0,13.0,6799.0
"SAMSUNG Galaxy M14 5G (Smoky Teal, 128 GB)",SAMSUNG,4.2,4,128,6000.0,50.0,12291.0
"SAMSUNG Galaxy A34 5G (Awesome Lime, 256 GB)",SAMSUNG,4.2,8,256,5000.0,74.0,30999.0
"REDMI Note 12 Pro 5G (Onyx Black, 128 GB)",REDMI,4.2,6,128,5000.0,76.0,21999.0
Snexian Guru Music 1,Snexian,3.5,0,0,5000.0,1.0,623.0
"Tecno Spark Go 2023 6.56 HD+Display 13MP Dual Camera (UYUNI BLUE, 64 GB)",Tecno,4.3,4,64,5000.0,13.0,7399.0
"APPLE iPhone 15 Pro Max (Blue Titanium, 1 TB)",APPLE,4.7,0,1000,5000.0,84.0,196900.0
"MOTOROLA G32 (Satin Silver, 128 GB)",MOTOROLA,4.1,8,128,5000.0,76.0,9999.0
Kechaoda K300,Kechaoda,4.0,0,0,5000.0,0.3,1150.0
"SAMSUNG GALAXY M13 (Midnight Blue, 64 GB)",SAMSUNG,4.2,4,64,6000.0,50.0,9099.0
"Tecno Camon20 Predawn 64MP Rear Camera (Predawn Black, 256 GB)",Tecno,4.2,8,256,5000.0,98.0,14448.0
ringme R1 Pro 2183,ringme,3.2,0,0,1000.0,0.5,640.0
"APPLE iPhone 15 Plus (Green, 128 GB)",APPLE,4.7,0,128,5000.0,72.0,87900.0
"SAMSUNG Galaxy M13 (Aqua Green, 128 GB)",SAMSUNG,4.2,6,128,6000.0,50.0,11990.0
KARBONN KX 29,KARBONN,3.7,0,0,2700.0,0.3,1405.0
"Xiaomi 11i Hypercharge 5G (Stealth Black, 128 GB)",Xiaomi,4.2,8,128,4500.0,134.0,23870.0
"Nokia C01 Plus (Grey, 16 GB)",Nokia,3.8,2,16,3000.0,7.0,5799.0
LAVA A1 Vibe,LAVA,3.8,0,0,1000.0,0.3,1145.0
"APPLE iPhone 13 (Blue, 128 GB)",APPLE,4.6,0,128,5000.0,36.0,59900.0
"MOTOROLA G60 (Dynamic Gray, 128 GB)",MOTOROLA,4.2,6,128,6000.0,150.0,14999.0
"APPLE iPhone 15 Plus (Green, 128 GB)",APPLE,4.7,0,128,5000.0,72.0,87900.0
Kechaoda K10,Kechaoda,3.9,0,0,5000.0,300.0,1020.0
ringme R1 Pro 2183,ringme,3.2,0,0,1000.0,0.5,640.0
LAVA A1 Josh,LAVA,4.2,0,0,5000.0,1000.0,1084.0
"Tecno POP 7 Pro (Pure Green, 64 GB)",Tecno,4.0,4,64,5000.0,13.0,6799.0
"OnePlus Nord 3 5G (Misty Green, 256 GB)",OnePlus,4.4,16,256,5000.0,50.0,36989.0
"MOTOROLA Edge 30 (Aurora Green, 128 GB)",MOTOROLA,4.1,8,128,4020.0,134.0,22999.0
KARBONN KX3 STAR,KARBONN,3.5,0,0,1000.0,0.3,999.0
Kechaoda K66 The Music House 4,Kechaoda,3.9,0,0,5000.0,0.2,1170.0
"SAMSUNG Galaxy S23 5G (Phantom Black, 256 GB)",SAMSUNG,4.5,8,256,3900.0,84.0,79999.0
ringme 1709,ringme,2.3,0,0,1000.0,0.3,580.0
"APPLE iPhone 15 (Green, 256 GB)",APPLE,4.6,0,256,5000.0,72.0,88900.0
"vivo Y36 (Meteor Black, 128 GB)",vivo,4.2,8,128,5000.0,68.0,14999.0
"vivo Y36 (Vibrant Gold, 128 GB)",vivo,4.2,8,128,5000.0,68.0,14999.0
"realme 10 Pro+ 5G (Hyperspace, 128 GB)",realme,4.4,6,128,5000.0,134.0,24999.0
"itel P40 (Dreamy Blue, 32 GB)",itel,4.0,3,32,6000.0,13.0,5999.0
"itel P40 (Luxurious Gold, 64 GB)",itel,4.1,4,64,6000.0,13.0,6799.0
Easyfone Shield,Easyfone,3.8,0,0,2500.0,2.0,3429.0
Snexian ROCK Z,Snexian,3.9,0,0,3000.0,0.3,2800.0
Snexian ROCK Z,Snexian,3.9,0,0,3000.0,0.3,2800.0
"Nokia 225 4G DS Keypad Mobile with Long Battery Life,Built-in Camera",Nokia,3.7,0,0,1150.0,0.3,3894.0
"SAMSUNG Galaxy A23 (Blue, 128 GB)",SAMSUNG,4.3,8,128,5000.0,58.0,16590.0
"realme Narzo 60 5g (Cosmic Black, 256 GB)",realme,4.3,8,256,5000.0,64.0,20359.0
"APPLE iPhone 15 Plus (Black, 512 GB)",APPLE,4.7,0,512,5000.0,72.0,117900.0
"APPLE iPhone 14 (Midnight, 512 GB)",APPLE,4.6,0,512,5000.0,36.0,91999.0
"Tecno Pop 7 pro (Endless Black, 64 GB)",Tecno,4.1,2,64,5000.0,12.0,6490.0
Micromax J2,Micromax,3.8,0,0,5000.0,800.0,884.0
Cellecor C1000,Cellecor,3.8,0,0,3000.0,1.8,1613.0
DIZO Star 500,DIZO,3.9,0,0,1900.0,0.3,1645.0
"realme Narzo 60 Pro 5G (Mars orange, 128 GB)",realme,4.3,8,128,5000.0,100.0,21300.0
"APPLE iPhone 15 Pro Max (Black Titanium, 512 GB)",APPLE,4.7,0,512,5000.0,84.0,176900.0
KARBONN KX3 STAR,KARBONN,3.5,0,0,1000.0,0.3,999.0
"itel P40 (Luxurious Gold, 32 GB)",itel,4.0,3,32,6000.0,13.0,5999.0
"SAMSUNG Galaxy A03 Core (Bronze, 32 GB)",SAMSUNG,4.1,2,32,5000.0,13.0,6370.0
DIZO Star 500,DIZO,3.9,0,0,1900.0,0.3,1629.0
Kechaoda K115,Kechaoda,4.1,0,32,5000.0,0.3,1069.0
"OnePlus Nord CE 3 Lite 5G (Pastel Lime, 128 GB)",OnePlus,4.4,8,128,5000.0,108.0,19825.377337733775
"vivo Y17s (Glitter Purple, 128 GB)",vivo,4.3,4,128,5000.0,60.0,11499.0
"Redmi 9A Sport (Metallic Blue, 32 GB)",Redmi,4.2,3,32,5000.0,13.0,7999.0
"Nokia 8210 4G Volte keypad Phone with Dual SIM, Big Display, MP3 Player",Nokia,3.7,0,0,1450.0,0.3,3849.0
"realme 10 Pro+ 5G (Hyperspace, 128 GB)",realme,4.4,6,128,5000.0,134.0,24999.0
"Nokia C32 (Breezy Mint, 64 GB)",Nokia,3.7,4,64,5000.0,58.0,7999.0
HOTLINE CLASSIC PRO,HOTLINE,3.2,0,0,1000.0,1.3,649.0
Micromax S114,Micromax,3.7,0,0,1000.0,0.08,1117.0
"itel S23 (Sky Blue, 128 GB)",itel,4.1,4,128,5000.0,58.0,7645.0
"realme Narzo 60 pro 5G (?Cosmic Black, 128 GB)",realme,4.3,8,128,5000.0,100.0,21500.0
"Honor 90 5G (Diamond Silver, 256 GB)",Honor,4.2,8,256,5000.0,200.0,31999.0
Kechaoda K115,Kechaoda,4.1,0,32,5000.0,0.3,1090.0
"MOTOROLA e40 (Pink Clay, 64 GB)",MOTOROLA,4.1,4,64,5000.0,60.0,8999.0
"vivo Y17s (Forest Green, 128 GB)",vivo,4.3,4,128,5000.0,60.0,11499.0
Kechaoda K-55 Plus,Kechaoda,4.0,0,0,5000.0,0.3,1108.0
"I Kall S2 (Golden, 128 GB)",I,4.0,6,128,6000.0,36.0,9999.0
"APPLE iPhone 15 Pro (Natural Titanium, 1 TB)",APPLE,4.7,0,1000,5000.0,84.0,181990.0
"REDMI Note 12 (Ice Blue, 128 GB)",REDMI,4.1,6,128,5000.0,73.0,13999.0
"Tecno Spark Go 2023 (Uyuni Blue, 64 GB)",Tecno,4.2,4,64,5000.0,18.0,6989.0
Kechaoda K-55 Plus,Kechaoda,4.0,0,0,5000.0,0.3,1108.0
Kechaoda K60,Kechaoda,4.0,0,0,3600.0,0.6,1775.0
"Nokia C32 (Beach Pink, 64 GB)",Nokia,3.7,4,64,5000.0,58.0,7999.0
"vivo Y16 (Drizzling Gold, 32 GB)",vivo,4.2,3,32,5000.0,20.0,10199.0
"Xiaomi 11i 5G (Purple Mist, 128 GB)",Xiaomi,4.2,8,128,5160.0,124.0,22999.0
"Infinix Zero 5G 2023 TURBO (Submariner Black, 256 GB)",Infinix,4.1,8,256,5000.0,70.0,17999.0
Nokia 110 DS 4G TA-1556,Nokia,4.0,0,0,1450.0,1.3,2490.0
"Tecno Camon 20 4G with FHD + Big AMOLED Display (Art Edition, 256 GB)",Tecno,4.1,8,256,5000.0,98.0,14399.0
Micromax J2,Micromax,3.8,0,0,5000.0,800.0,891.0
Kechaoda K9,Kechaoda,4.1,0,0,1700.0,0.3,1399.0
Kechaoda K9,Kechaoda,4.1,0,0,1800.0,0.3,1399.0
itel iPower 430 Triple sim|2500 mAh Battery|Expandable Storage upto 32GB,itel,3.9,0,0,2500.0,0.3,1549.0
"itel P40 (Dreamy Blue, 32 GB)",itel,4.0,3,32,6000.0,13.0,5999.0
KARBONN Y1,KARBONN,3.8,0,0,5000.0,0.3,998.0
MTR Ferrari,MTR,4.1,0,0,5000.0,0.3,1350.0
"SAMSUNG Galaxy S23 5G (Lavender, 256 GB)",SAMSUNG,4.5,8,256,3900.0,84.0,79999.0
Kechaoda K55 Pro,Kechaoda,3.8,0,0,5000.0,1.3,1110.0
"Vox King Talking, Contact icon and Auto Call Recording",Vox,3.2,0,0,2500.0,0.3,884.0
Nokia 106 DS 2023,Nokia,4.0,0,0,5000.0,1000.0,1570.0
KARBONN Y1,KARBONN,3.8,0,0,5000.0,0.3,969.0
MTR FERRARI,MTR,4.1,0,0,5000.0,0.3,1350.0
Kechaoda K10,Kechaoda,3.9,0,0,5000.0,300.0,979.0
Kechaoda K55,Kechaoda,3.7,0,0,5000.0,1.3,1094.0
"vivo Y17s (Glitter Purple, 64 GB)",vivo,4.3,4,64,5000.0,60.0,10499.0
IAIR D15 Dual Sim Keypad Phone | 2800 mAH Battery & Big 1.88 Inch Display,IAIR,3.5,0,0,2800.0,1.6,999.0
"SAMSUNG Galaxy S23 5G (Phantom Black, 256 GB)",SAMSUNG,4.5,8,256,3900.0,84.0,79999.0
"APPLE iPhone 11 (White, 64 GB)",APPLE,4.6,0,64,5000.0,36.0,43900.0
MTR Ferrari,MTR,4.1,0,0,5000.0,0.3,1350.0
MOTOROLA A50G,MOTOROLA,4.2,0,0,5000.0,1750.0,1518.0
"APPLE iPhone 14 ((PRODUCT)RED, 128 GB)",APPLE,4.6,0,128,5000.0,36.0,61999.0
"SAMSUNG Galaxy A54 5G (Awesome Lime, 256 GB)",SAMSUNG,4.2,8,256,5000.0,99.0,38999.0
"Tecno Pop 7 Pro (Endless Black, 3 GB)",Tecno,4.4,64,3,5000.0,50.0,7660.0
IAIR S19 Dual Sim Keypad Phone | 2800 mAH Battery & Big 2.4 Inch Display,IAIR,3.8,0,0,2800.0,0.8,1104.0
Lvix L1 CAR,Lvix,4.2,0,0,1000.0,0.3,1489.0
"OPPO A77 4GB (Sunset Orange, 64 GB)",OPPO,4.2,4,64,5000.0,62.0,11998.0
KARBONN K9 Victory,KARBONN,3.6,0,0,2500.0,2.0,1439.0
Kechaoda A26_rose gold,Kechaoda,4.8,0,16,5000.0,0.0,950.0
"itel S23 (Starry Black, 128 GB)",itel,4.1,4,128,5000.0,58.0,7299.0
itel Power 100 New,itel,4.1,0,0,2500.0,0.3,19825.377337733775
"Redmi 9A Sport (Coral Green, 32 GB)",Redmi,4.2,3,32,5000.0,13.0,7990.0
"SAMSUNG GALAXY M13 (Stardust Brown, 128 GB)",SAMSUNG,4.2,6,128,6000.0,50.0,12040.0
Kechaoda A26_Grey,Kechaoda,4.2,0,16,5000.0,0.0,975.0
Lvix L1 CAR,Lvix,4.2,0,0,1000.0,0.3,1489.0
"POCO M2 Pro (Green and Greener, 64 GB)",POCO,4.4,6,64,5000.0,79.0,10480.0
LAVA A1 Vibe,LAVA,3.8,0,0,1000.0,0.3,1145.0
"Nokia 5710 Phone with Wireless Earbuds, MP3 Player,FM Radio (48MB RAM)",Nokia,3.6,0,0,1450.0,0.3,4799.0
"POCO C50 (Royal Blue, 32 GB)",POCO,4.2,2,32,5000.0,13.0,6499.0
"OnePlus 10 Pro 5G (Volcanic Black, 128 GB)",OnePlus,4.2,8,128,5000.0,48.0,48799.0
"SAMSUNG Galaxy M14 5G (Berry Blue, 128 GB)",SAMSUNG,4.2,6,128,6000.0,50.0,13729.0
"itel A60s (Shadow Black, 128 GB)",itel,4.1,4,128,5000.0,16.0,6799.0
Kechaoda K55,Kechaoda,3.7,0,0,5000.0,1.3,1094.0
"SAMSUNG Galaxy A23 (Black, 128 GB)",SAMSUNG,4.2,6,128,5000.0,58.0,18499.0
"SAMSUNG Galaxy Z Flip5 (Lavender, 256 GB)",SAMSUNG,4.4,8,256,3700.0,34.0,99999.0
"vivo Y17s (Glitter Purple, 64 GB)",vivo,4.3,4,64,5000.0,60.0,10499.0
"realme 10 Pro+ 5G (Hyperspace, 128 GB)",realme,4.4,8,128,5000.0,134.0,25999.0
"REDMI A2 (Classic Black, 32 GB)",REDMI,4.1,2,32,5000.0,8.0,5798.0
Kechaoda K33,Kechaoda,4.0,0,0,5000.0,0.3,1074.0
"vivo Y35 (Dawn Gold, 128 GB)",vivo,4.4,8,128,5000.0,70.0,16999.0
KARBONN K102i,KARBONN,3.5,0,0,1000.0,0.0,979.0
IAIR S19 Dual Sim Keypad Phone | 2800 mAH Battery & Big 2.4 Inch Display,IAIR,3.8,0,0,2800.0,0.8,1104.0
"Infinix Zero 5G 2023 TURBO (Submariner Black, 256 GB)",Infinix,4.1,8,256,5000.0,70.0,17999.0
"Nokia C32 (Charcoal, 64 GB)",Nokia,3.7,4,64,5000.0,58.0,7999.0
Kechaoda K33,Kechaoda,4.0,0,0,5000.0,0.3,1074.0
"APPLE iPhone 15 Plus (Blue, 256 GB)",APPLE,4.7,0,256,5000.0,72.0,97900.0
"POCO M2 (Slate Blue, 64 GB)",POCO,4.4,6,64,5000.0,36.0,10788.0
"Tecno Spark Go 2023 (Uyuni Blue, 64 GB)",Tecno,4.2,4,64,5000.0,18.0,6989.0
"I Kall King Talking, Contact icon and Auto Call Recording",I,3.6,0,0,1000.0,0.3,729.0
KARBONN K-Phone 1,KARBONN,3.9,0,0,1400.0,1.3,1467.0
"OnePlus 11 5G (Marble Odyssey, 256 GB)",OnePlus,4.5,16,256,5000.0,50.0,60499.0
"vivo T1X (Space Blue, 64 GB)",vivo,4.5,4,64,5000.0,60.0,11999.0
"REDMI Note 10S (Deep Sea Blue, 128 GB)",REDMI,4.2,8,128,5000.0,89.0,17849.0
"APPLE iPhone 15 Pro (Blue Titanium, 256 GB)",APPLE,4.7,0,256,5000.0,84.0,141900.0
"OPPO A77 (Sky Blue, 64 GB)",OPPO,4.2,4,64,5000.0,60.0,15499.0
"SAMSUNG Galaxy A04s (Green, 64 GB)",SAMSUNG,4.2,4,64,5000.0,109.0,11999.0
Kechaoda K55 Ultra Slim,Kechaoda,4.0,0,0,5000.0,0.3,1108.0
Good One 2192,Good,3.8,0,0,2500.0,2.0,1099.0
MTR FERRARI,MTR,4.1,0,0,5000.0,0.3,1350.0
Snexian GURU 310,Snexian,3.3,0,0,5000.0,0.3,699.0
"SAMSUNG Galaxy S23 Ultra 5G (Green, 512 GB)",SAMSUNG,4.6,12,512,5000.0,244.0,134999.0
Snexian Guru 310,Snexian,3.3,0,0,5000.0,0.3,595.0
"Tecno Spark 10c (Meta Blue, 128 GB)",Tecno,4.1,8,128,5000.0,24.0,9699.0
"LAVA Blaze 1X 5G (Glass Green, 128 GB)",LAVA,4.1,6,128,5000.0,118.0,12317.0
Snexian Rock,Snexian,4.0,0,0,5000.0,0.3,1489.0
Snexian Rock,Snexian,4.0,0,0,5000.0,0.3,1489.0
"REDMI Note 12 5G (Mystique Blue, 128 GB)",REDMI,4.2,6,128,5000.0,71.0,16999.0
Kechaoda K9,Kechaoda,4.1,0,0,1700.0,0.3,1149.0
itel SG400 Keypad Mobile Phone with 9.8mm Ultra Slim Design 2.4 inch Display UPI Pay,itel,4.0,0,0,1200.0,0.3,1499.0
Kechaoda K9,Kechaoda,4.1,0,0,1700.0,0.3,1239.0
